"species"	"mean"	"median"	"sd"	"min"	"max"	"Q1"	"Q3"	"geometry"
"Bombycilla_cedrorum"	0.0138378640264502	0.0118449389806174	0.00994608140624576	0.00234622621357004	0.112676056338028	0.0079782460037409	0.0168536451072974	list(list(c(-81.5550182239269, -81.0610244014459, -81.1692357771391, -80.6608048499385, -80.0490314016697, -79.4450832216347, -79.4493959018177, -78.750000001033, -78.0506041002241, -77.3470826691427, -77.3380794352274, -76.6259326298963, -76.6118454494323, -75.8908804262092, -75.8712991555678, -75.1413179537185, -75.1158144239239, -74.3766146139905, -74.3447413157075, -75.0626198626035, -75.0348880403491, -74.278267518654, -74.2436137588233, -73.4766731332974, -73.434584582078, -72.6570890148896, 
-72.6070263455238, -71.8187390345084, -71.0907013684678, -70.3022743216699, -69.6615826323144, -68.9472075955157, -68.7889018971581, -69.4321624915719, -69.3514160900383, -70.082492851739, -70.0049820678548, -69.1828999446972, -69.0949594942791, -69.8431167143706, -69.7585894699123, -70.523553646314, -71.3710213524858, -72.1506441644126, -72.9967311847487, -73.7897686151516, -74.6329274488688, -75.438041240172, -75.4052862252308, -76.2274963439906, -77.0760576043087, -77.9086297129234, -78.7500000015691, 
-79.5913702903001, -79.5999668079376, -80.4583136852604, -81.2982527579674, -81.2725036592068, -82.0947137778826, -82.0619587629107, -82.8670725542025, -82.8279929808233, -81.9993213560894, -81.9693664821293, -82.7532111733837, -83.5718329389877, -84.344525847968, -85.1657295231205, -85.2251498858171, -86.0593325215522, -86.1289786505519, -86.9764463566884, -87.7414105330679, -88.5887517536114, -88.6847257456299, -89.5449554689399, -90.2946090569801, -91.1525377948799, -91.2760956161798, -92.1463908850316, 
-92.8768949083612, -93.7427126595897, -93.8948626527051, -94.772401661159, -95.424068111182, -96.2423508350856, -96.8211769718014, -97.6392495804281, -98.2016401771437, -99.0191329990226, -99.5652400319464, -100.381807069866, -100.911822457502, -101.727141242212, -102.241292754622, -103.05506399754, -103.368868294854, -104.195049224983, -104.693011456541, -104.365558330953, -104.848788957254, -104.520801958804, -104.989966854725, -105.786350976121, -106.241198699099, -105.900702923712, -106.342765813296, 
-106.002340124194, -105.231275894558, -104.788395404779, -104.015726590557, -103.698126967265, -104.141460616487, -103.823129003448, -103.07290747432, -102.629460661805, -101.878236286099, -101.581933149228, -102.025176520716, -101.727424788185, -102.158319073537, -101.859225483277, -101.140183480099, -100.850497037311, -100.141287219542, -99.8606472597525, -99.1611522476321, -98.8891998336459, -99.3061319481695, -99.0320886625026, -98.3514410251332, -98.0854761563732, -97.4139684605885, -97.1557426622185, 
-97.5589977470752, -98.2218640053243, -98.6156634495125, -98.3454294067102, -97.6908902601329, -97.4279444593901, -96.7818431880092, -96.3907074532998, -95.7450950498626, -95.3449493062902, -94.6999066417991, -94.2905934459384, -93.6462066395043, -93.2275749345006, -92.5839353632485, -92.1558412995654, -91.5130455790281, -91.3062297441679, -90.6721781140006, -90.2372135281308, -90.4335033124365, -89.9860861789136, -89.3452886707117, -89.1597489653885, -88.5278536167263, -88.3479426843928, -87.7247256595663, 
-87.274039897457, -86.6521235761702, -86.4881078085388, -85.8747058491447, -85.4182698147803, -84.8063288701307, -84.5418580761702, -83.8186029324914, -83.4719760785846, -82.7458407740195, -82.3946120093938, -81.6657363693455, -81.3098079664774, -81.5550182239269, 31.2406286491806, 31.7226226744952, 32.3586063701828, 32.8375827542774, 32.6787937262658, 33.0546059421654, 33.5930179608384, 33.866070207807, 33.5930179608752, 33.8526438157174, 34.3929385698314, 34.6466120156624, 35.188754433168, 35.4363055355411, 
35.980255424854, 36.2215092256955, 36.7672208897841, 37.0019971898054, 37.5494190102548, 37.8627484604203, 38.4125931202183, 38.648404876605, 39.1999983477577, 39.4289302209876, 39.9822101189699, 40.2040536927455, 40.7589498263687, 40.9734900992886, 40.6254727668279, 40.8249600051593, 40.3992312945443, 40.5234753534518, 41.1405020953655, 41.5717242099898, 42.127930381069, 42.4940838401527, 43.0533199519129, 43.2445909809122, 43.8050714654047, 44.1761660477896, 44.7398022961109, 45.1063130791811, 
44.8994615456855, 45.2512850479003, 45.0280205208315, 45.3646961763065, 45.1249304329362, 45.4460586641149, 46.0166260583792, 46.3315446543341, 46.0661294973836, 46.3647619746058, 46.0826548975723, 46.3647619745613, 46.9384835158729, 47.2132937777885, 46.904889593307, 46.3315446542013, 46.0166260582046, 45.4460586639411, 45.1249304327193, 44.557168469031, 44.3097482255163, 43.7439737497146, 43.4263693823613, 43.6651849328178, 43.3325023674901, 43.5553580894956, 44.1191307044255, 44.3341167962537, 
44.899461545297, 45.106313078752, 44.7398022956405, 44.9303955176915, 45.4952629264418, 45.6772635519238, 45.2868652622919, 45.4526738234703, 46.0161207920242, 46.1729187059442, 45.759315796541, 45.9001189259865, 46.4611545838289, 46.5925721641416, 46.119894233944, 46.2023495569697, 45.6851149703255, 45.7591676337098, 45.2347370750978, 45.3004642140923, 44.7692812232348, 44.8267680337809, 44.2892702101082, 44.338609411993, 43.7952273848768, 43.8365186960062, 44.4217877050357, 44.4554893635756, 43.9035066002166, 
43.3210248322782, 42.767133923853, 42.1830149423489, 41.6275353573124, 41.6531748491286, 41.0934289708886, 40.5110842940932, 39.9504212034844, 39.3668350584407, 39.3405253268146, 39.8982487006584, 39.8649399995021, 39.2736819902136, 38.7188656843593, 38.126548328093, 38.0859801995178, 38.6379197255207, 38.5906650352976, 37.9914861940389, 37.4423962509371, 36.8423602321947, 36.2925484837408, 35.6918759193035, 35.6381254864188, 35.0340883505216, 34.9742610897689, 34.3671086094019, 34.3014510568356, 
33.6914296791277, 33.1497790587289, 32.539783650225, 32.4687598436372, 31.8562988053213, 31.780016567, 31.1653389448876, 30.6296106311969, 30.7056142333947, 30.1673298931495, 29.5561013870192, 29.4803431595597, 28.8672697310393, 28.7866884436478, 29.318838249497, 29.2331717264192, 29.762844213488, 29.6720620993223, 30.1990555399822, 30.1031312222728, 30.6272375379192, 30.5261483450406, 31.0471531059249, 30.9408805083126, 30.3145735396304, 30.2041706205045, 30.71903371372, 31.3470927688836, 31.8612258555642, 
31.7445484499047, 31.1149546433865, 30.9943726251136, 30.3636387706568, 30.2393056705831, 30.7443946789485, 30.6150824131534, 29.9820803601036, 29.8492678002414, 30.3480175836709, 30.2103463895729, 29.6143132997522, 29.5127287045511, 29.9661056677285, 29.8600449954681, 30.3091435199269, 30.1985335058558, 30.6432475354482, 31.2406286491806), c(-102.438714861229, -101.940014615169, -101.138574686101, -100.849318340096, -101.347772098261, -102.135887392066, -102.438714861229, 42.6598427092633, 43.2056243824458, 
43.1570549579885, 42.5633430487257, 42.0205474305174, 42.068540392498, 42.6598427092633)), list(c(-101.794127692507, -101.246826425719, -101.542536134973, -102.401275483319, -102.711014600253, -103.583754062223, -104.130344611296, -103.805023964833, -102.948480478678, -102.637241364719, -101.794127692507, 46.0527167806532, 46.5902247438286, 47.1738180003191, 47.2177510202849, 47.7969717729062, 47.8329701534604, 47.2886819123107, 46.7119202621408, 46.6769101958444, 46.0955469096127, 46.0527167806532
)))
"Cardinalis_cardinalis"	0.0394144943395555	0.0406904938619041	0.010084711171642	0.00132399419150935	0.0845070422535211	0.0347328384311519	0.0454844697438436	list(list(c(-102.948480478678, -102.401275483319, -102.711014600253, -103.583754062223, -104.130344611296, -103.805023964833, -102.948480478678, 46.6769101958444, 47.2177510202849, 47.7969717729062, 47.8329701534604, 47.2886819123107, 46.7119202621408, 46.6769101958444)), list(c(-81.9693664821293, -82.7532111733837, -83.5718329389877, -84.344525847968, -85.1657295231205, -85.2251498858171, -86.0593325215522, -86.1289786505519, -86.9764463566884, -87.7414105330679, -88.5887517536114, -88.6847257456299, 
-89.5449554689399, -90.2946090569801, -91.1525377948799, -91.2760956161798, -92.1463908850316, -92.8768949083612, -93.7427126595897, -93.8948626527051, -94.772401661159, -95.424068111182, -96.2423508350856, -96.8211769718014, -97.6392495804281, -98.2016401771437, -99.0191329990226, -99.5652400319464, -100.381807069866, -100.911822457502, -101.727141242212, -102.241292754622, -103.05506399754, -103.368868294854, -104.195049224983, -104.693011456541, -104.365558330953, -103.553611259397, -103.238709632888, 
-103.722498952524, -104.520801958804, -104.989966854725, -105.786350976121, -106.241198699099, -105.900702923712, -106.342765813296, -106.002340124194, -105.231275894558, -104.788395404779, -104.015726590557, -103.698126967265, -104.141460616487, -103.823129003448, -103.07290747432, -102.629460661805, -101.878236286099, -101.581933149228, -102.025176520716, -101.727424788185, -102.158319073537, -101.859225483277, -101.140183480099, -100.850497037311, -100.141287219542, -99.8606472597525, -99.1611522476321, 
-98.8891998336459, -99.3061319481695, -99.0320886625026, -98.3514410251332, -98.0854761563732, -97.4139684605885, -97.1557426622185, -97.5589977470752, -98.2218640053243, -98.6156634495125, -98.3454294067102, -97.6908902601329, -97.4279444593901, -96.7818431880092, -96.3907074532998, -95.7450950498626, -95.3449493062902, -94.6999066417991, -94.2905934459384, -93.6462066395043, -93.2275749345006, -92.5839353632485, -92.1558412995654, -91.5130455790281, -91.3062297441679, -90.6721781140006, -90.2372135281308, 
-90.4335033124365, -89.9860861789136, -89.3452886707117, -89.1597489653885, -88.5278536167263, -88.3479426843928, -87.7247256595663, -87.274039897457, -86.6521235761702, -86.4881078085388, -85.8747058491447, -85.4182698147803, -84.8063288701307, -84.5418580761702, -83.8186029324914, -83.4719760785846, -82.7458407740195, -82.3946120093938, -81.6657363693455, -81.3098079664774, -81.5550182239269, -81.0610244014459, -81.1692357771391, -80.6608048499385, -80.0490314016697, -79.4450832216347, -79.4493959018177, 
-78.750000001033, -78.0506041002241, -77.3470826691427, -77.3380794352274, -76.6259326298963, -76.6118454494323, -75.8908804262092, -75.8712991555678, -75.1413179537185, -75.1158144239239, -74.3766146139905, -74.3447413157075, -75.0626198626035, -75.0348880403491, -74.278267518654, -74.2436137588233, -73.4766731332974, -73.434584582078, -72.6570890148896, -72.6070263455238, -71.8187390345084, -71.0907013684678, -70.3022743216699, -69.6615826323144, -68.9472075955157, -68.7889018971581, -69.4321624915719, 
-69.3514160900383, -70.082492851739, -70.0049820678548, -69.1828999446972, -69.0949594942791, -69.8431167143706, -69.7585894699123, -70.523553646314, -71.3710213524858, -72.1506441644126, -72.9967311847487, -73.7897686151516, -74.6329274488688, -75.438041240172, -75.4052862252308, -76.2274963439906, -77.0760576043087, -77.9086297129234, -78.7500000015691, -79.5913702903001, -79.5999668079376, -80.4583136852604, -81.2982527579674, -81.2725036592068, -82.0947137778826, -82.0619587629107, -82.8670725542025, 
-82.8279929808233, -81.9993213560894, -81.9693664821293, 43.7439737497146, 43.4263693823613, 43.6651849328178, 43.3325023674901, 43.5553580894956, 44.1191307044255, 44.3341167962537, 44.899461545297, 45.106313078752, 44.7398022956405, 44.9303955176915, 45.4952629264418, 45.6772635519238, 45.2868652622919, 45.4526738234703, 46.0161207920242, 46.1729187059442, 45.759315796541, 45.9001189259865, 46.4611545838289, 46.5925721641416, 46.119894233944, 46.2023495569697, 45.6851149703255, 45.7591676337098, 
45.2347370750978, 45.3004642140923, 44.7692812232348, 44.8267680337809, 44.2892702101082, 44.338609411993, 43.7952273848768, 43.8365186960062, 44.4217877050357, 44.4554893635756, 43.9035066002166, 43.3210248322782, 43.2876752066598, 42.700665406644, 42.1498373579291, 42.1830149423489, 41.6275353573124, 41.6531748491286, 41.0934289708886, 40.5110842940932, 39.9504212034844, 39.3668350584407, 39.3405253268146, 39.8982487006584, 39.8649399995021, 39.2736819902136, 38.7188656843593, 38.126548328093, 
38.0859801995178, 38.6379197255207, 38.5906650352976, 37.9914861940389, 37.4423962509371, 36.8423602321947, 36.2925484837408, 35.6918759193035, 35.6381254864188, 35.0340883505216, 34.9742610897689, 34.3671086094019, 34.3014510568356, 33.6914296791277, 33.1497790587289, 32.539783650225, 32.4687598436372, 31.8562988053213, 31.780016567, 31.1653389448876, 30.6296106311969, 30.7056142333947, 30.1673298931495, 29.5561013870192, 29.4803431595597, 28.8672697310393, 28.7866884436478, 29.318838249497, 29.2331717264192, 
29.762844213488, 29.6720620993223, 30.1990555399822, 30.1031312222728, 30.6272375379192, 30.5261483450406, 31.0471531059249, 30.9408805083126, 30.3145735396304, 30.2041706205045, 30.71903371372, 31.3470927688836, 31.8612258555642, 31.7445484499047, 31.1149546433865, 30.9943726251136, 30.3636387706568, 30.2393056705831, 30.7443946789485, 30.6150824131534, 29.9820803601036, 29.8492678002414, 30.3480175836709, 30.2103463895729, 29.6143132997522, 29.5127287045511, 29.9661056677285, 29.8600449954681, 
30.3091435199269, 30.1985335058558, 30.6432475354482, 31.2406286491806, 31.7226226744952, 32.3586063701828, 32.8375827542774, 32.6787937262658, 33.0546059421654, 33.5930179608384, 33.866070207807, 33.5930179608752, 33.8526438157174, 34.3929385698314, 34.6466120156624, 35.188754433168, 35.4363055355411, 35.980255424854, 36.2215092256955, 36.7672208897841, 37.0019971898054, 37.5494190102548, 37.8627484604203, 38.4125931202183, 38.648404876605, 39.1999983477577, 39.4289302209876, 39.9822101189699, 40.2040536927455, 
40.7589498263687, 40.9734900992886, 40.6254727668279, 40.8249600051593, 40.3992312945443, 40.5234753534518, 41.1405020953655, 41.5717242099898, 42.127930381069, 42.4940838401527, 43.0533199519129, 43.2445909809122, 43.8050714654047, 44.1761660477896, 44.7398022961109, 45.1063130791811, 44.8994615456855, 45.2512850479003, 45.0280205208315, 45.3646961763065, 45.1249304329362, 45.4460586641149, 46.0166260583792, 46.3315446543341, 46.0661294973836, 46.3647619746058, 46.0826548975723, 46.3647619745613, 
46.9384835158729, 47.2132937777885, 46.904889593307, 46.3315446542013, 46.0166260582046, 45.4460586639411, 45.1249304327193, 44.557168469031, 44.3097482255163, 43.7439737497146), c(-102.438714861229, -101.940014615169, -101.138574686101, -100.849318340096, -101.347772098261, -102.135887392066, -102.438714861229, 42.6598427092633, 43.2056243824458, 43.1570549579885, 42.5633430487257, 42.0205474305174, 42.068540392498, 42.6598427092633)))
"Corvus_brachyrhynchos"	0.0391714907641312	0.0373115747320808	0.0135766520762161	0.00999042541449228	0.0990712074303406	0.0305806390930741	0.0473471888408993	list(list(c(-81.5550182239269, -81.0610244014459, -81.1692357771391, -80.6608048499385, -80.0490314016697, -79.4450832216347, -79.4493959018177, -78.750000001033, -78.0506041002241, -77.3470826691427, -77.3380794352274, -76.6259326298963, -76.6118454494323, -75.8908804262092, -75.8712991555678, -75.1413179537185, -75.1158144239239, -74.3766146139905, -74.3447413157075, -75.0626198626035, -75.0348880403491, -74.278267518654, -74.2436137588233, -73.4766731332974, -73.434584582078, -72.6570890148896, 
-72.6070263455238, -71.8187390345084, -71.0907013684678, -70.3022743216699, -69.6615826323144, -68.9472075955157, -68.7889018971581, -69.4321624915719, -69.3514160900383, -70.082492851739, -70.0049820678548, -69.1828999446972, -69.0949594942791, -69.8431167143706, -69.7585894699123, -70.523553646314, -71.3710213524858, -72.1506441644126, -72.9967311847487, -73.7897686151516, -74.6329274488688, -75.438041240172, -75.4052862252308, -76.2274963439906, -77.0760576043087, -77.9086297129234, -78.7500000015691, 
-79.5913702903001, -79.5999668079376, -80.4583136852604, -81.2982527579674, -81.2725036592068, -82.0947137778826, -82.0619587629107, -82.8670725542025, -82.8279929808233, -81.9993213560894, -81.9693664821293, -82.7532111733837, -83.5718329389877, -84.344525847968, -85.1657295231205, -85.2251498858171, -86.0593325215522, -86.1289786505519, -86.9764463566884, -87.7414105330679, -88.5887517536114, -88.6847257456299, -89.5449554689399, -90.2946090569801, -91.1525377948799, -91.2760956161798, -92.1463908850316, 
-92.8768949083612, -93.7427126595897, -93.8948626527051, -94.772401661159, -95.424068111182, -96.2423508350856, -96.8211769718014, -97.6392495804281, -98.2016401771437, -99.0191329990226, -99.5652400319464, -100.381807069866, -100.911822457502, -101.727141242212, -102.241292754622, -103.05506399754, -103.368868294854, -104.195049224983, -104.693011456541, -104.365558330953, -104.848788957254, -104.520801958804, -104.989966854725, -105.786350976121, -106.241198699099, -105.900702923712, -106.342765813296, 
-106.002340124194, -105.231275894558, -104.788395404779, -104.015726590557, -103.698126967265, -104.141460616487, -103.823129003448, -103.07290747432, -102.629460661805, -101.878236286099, -101.581933149228, -102.025176520716, -101.727424788185, -102.158319073537, -101.859225483277, -101.140183480099, -100.850497037311, -100.141287219542, -99.8606472597525, -99.1611522476321, -98.8891998336459, -99.3061319481695, -99.0320886625026, -98.3514410251332, -98.0854761563732, -97.4139684605885, -97.1557426622185, 
-97.5589977470752, -98.2218640053243, -98.6156634495125, -98.3454294067102, -97.6908902601329, -97.4279444593901, -96.7818431880092, -96.3907074532998, -95.7450950498626, -95.3449493062902, -94.6999066417991, -94.2905934459384, -93.6462066395043, -93.2275749345006, -92.5839353632485, -92.1558412995654, -91.5130455790281, -91.3062297441679, -90.6721781140006, -90.2372135281308, -90.4335033124365, -89.9860861789136, -89.3452886707117, -89.1597489653885, -88.5278536167263, -88.3479426843928, -87.7247256595663, 
-87.274039897457, -86.6521235761702, -86.4881078085388, -85.8747058491447, -85.4182698147803, -84.8063288701307, -84.5418580761702, -83.8186029324914, -83.4719760785846, -82.7458407740195, -82.3946120093938, -81.6657363693455, -81.3098079664774, -81.5550182239269, 31.2406286491806, 31.7226226744952, 32.3586063701828, 32.8375827542774, 32.6787937262658, 33.0546059421654, 33.5930179608384, 33.866070207807, 33.5930179608752, 33.8526438157174, 34.3929385698314, 34.6466120156624, 35.188754433168, 35.4363055355411, 
35.980255424854, 36.2215092256955, 36.7672208897841, 37.0019971898054, 37.5494190102548, 37.8627484604203, 38.4125931202183, 38.648404876605, 39.1999983477577, 39.4289302209876, 39.9822101189699, 40.2040536927455, 40.7589498263687, 40.9734900992886, 40.6254727668279, 40.8249600051593, 40.3992312945443, 40.5234753534518, 41.1405020953655, 41.5717242099898, 42.127930381069, 42.4940838401527, 43.0533199519129, 43.2445909809122, 43.8050714654047, 44.1761660477896, 44.7398022961109, 45.1063130791811, 
44.8994615456855, 45.2512850479003, 45.0280205208315, 45.3646961763065, 45.1249304329362, 45.4460586641149, 46.0166260583792, 46.3315446543341, 46.0661294973836, 46.3647619746058, 46.0826548975723, 46.3647619745613, 46.9384835158729, 47.2132937777885, 46.904889593307, 46.3315446542013, 46.0166260582046, 45.4460586639411, 45.1249304327193, 44.557168469031, 44.3097482255163, 43.7439737497146, 43.4263693823613, 43.6651849328178, 43.3325023674901, 43.5553580894956, 44.1191307044255, 44.3341167962537, 
44.899461545297, 45.106313078752, 44.7398022956405, 44.9303955176915, 45.4952629264418, 45.6772635519238, 45.2868652622919, 45.4526738234703, 46.0161207920242, 46.1729187059442, 45.759315796541, 45.9001189259865, 46.4611545838289, 46.5925721641416, 46.119894233944, 46.2023495569697, 45.6851149703255, 45.7591676337098, 45.2347370750978, 45.3004642140923, 44.7692812232348, 44.8267680337809, 44.2892702101082, 44.338609411993, 43.7952273848768, 43.8365186960062, 44.4217877050357, 44.4554893635756, 43.9035066002166, 
43.3210248322782, 42.767133923853, 42.1830149423489, 41.6275353573124, 41.6531748491286, 41.0934289708886, 40.5110842940932, 39.9504212034844, 39.3668350584407, 39.3405253268146, 39.8982487006584, 39.8649399995021, 39.2736819902136, 38.7188656843593, 38.126548328093, 38.0859801995178, 38.6379197255207, 38.5906650352976, 37.9914861940389, 37.4423962509371, 36.8423602321947, 36.2925484837408, 35.6918759193035, 35.6381254864188, 35.0340883505216, 34.9742610897689, 34.3671086094019, 34.3014510568356, 
33.6914296791277, 33.1497790587289, 32.539783650225, 32.4687598436372, 31.8562988053213, 31.780016567, 31.1653389448876, 30.6296106311969, 30.7056142333947, 30.1673298931495, 29.5561013870192, 29.4803431595597, 28.8672697310393, 28.7866884436478, 29.318838249497, 29.2331717264192, 29.762844213488, 29.6720620993223, 30.1990555399822, 30.1031312222728, 30.6272375379192, 30.5261483450406, 31.0471531059249, 30.9408805083126, 30.3145735396304, 30.2041706205045, 30.71903371372, 31.3470927688836, 31.8612258555642, 
31.7445484499047, 31.1149546433865, 30.9943726251136, 30.3636387706568, 30.2393056705831, 30.7443946789485, 30.6150824131534, 29.9820803601036, 29.8492678002414, 30.3480175836709, 30.2103463895729, 29.6143132997522, 29.5127287045511, 29.9661056677285, 29.8600449954681, 30.3091435199269, 30.1985335058558, 30.6432475354482, 31.2406286491806), c(-102.438714861229, -101.940014615169, -101.138574686101, -100.849318340096, -101.347772098261, -102.135887392066, -102.438714861229, 42.6598427092633, 43.2056243824458, 
43.1570549579885, 42.5633430487257, 42.0205474305174, 42.068540392498, 42.6598427092633)), list(c(-101.794127692507, -101.246826425719, -101.542536134973, -102.401275483319, -102.711014600253, -103.583754062223, -104.130344611296, -103.805023964833, -102.948480478678, -102.637241364719, -101.794127692507, 46.0527167806532, 46.5902247438286, 47.1738180003191, 47.2177510202849, 47.7969717729062, 47.8329701534604, 47.2886819123107, 46.7119202621408, 46.6769101958444, 46.0955469096127, 46.0527167806532
)))
"Cyanocitta_cristata"	0.0380772922996852	0.0362489093879726	0.0125547285317757	0.0109351910491873	0.0946716005178945	0.030072933839121	0.0435753150683036	list(list(c(-81.5550182239269, -81.0610244014459, -81.1692357771391, -80.6608048499385, -80.0490314016697, -79.4450832216347, -79.4493959018177, -78.750000001033, -78.0506041002241, -77.3470826691427, -77.3380794352274, -76.6259326298963, -76.6118454494323, -75.8908804262092, -75.8712991555678, -75.1413179537185, -75.1158144239239, -74.3766146139905, -74.3447413157075, -75.0626198626035, -75.0348880403491, -74.278267518654, -74.2436137588233, -73.4766731332974, -73.434584582078, -72.6570890148896, 
-72.6070263455238, -71.8187390345084, -71.0907013684678, -70.3022743216699, -69.6615826323144, -68.9472075955157, -68.7889018971581, -69.4321624915719, -69.3514160900383, -70.082492851739, -70.0049820678548, -69.1828999446972, -69.0949594942791, -69.8431167143706, -69.7585894699123, -70.523553646314, -71.3710213524858, -72.1506441644126, -72.9967311847487, -73.7897686151516, -74.6329274488688, -75.438041240172, -75.4052862252308, -76.2274963439906, -77.0760576043087, -77.9086297129234, -78.7500000015691, 
-79.5913702903001, -79.5999668079376, -80.4583136852604, -81.2982527579674, -81.2725036592068, -82.0947137778826, -82.0619587629107, -82.8670725542025, -82.8279929808233, -81.9993213560894, -81.9693664821293, -82.7532111733837, -83.5718329389877, -84.344525847968, -85.1657295231205, -85.2251498858171, -86.0593325215522, -86.1289786505519, -86.9764463566884, -87.7414105330679, -88.5887517536114, -88.6847257456299, -89.5449554689399, -90.2946090569801, -91.1525377948799, -91.2760956161798, -92.1463908850316, 
-92.8768949083612, -93.7427126595897, -93.8948626527051, -94.772401661159, -95.424068111182, -96.2423508350856, -96.8211769718014, -97.6392495804281, -98.2016401771437, -99.0191329990226, -99.5652400319464, -100.381807069866, -100.911822457502, -101.727141242212, -102.241292754622, -103.05506399754, -103.368868294854, -104.195049224983, -104.693011456541, -104.365558330953, -104.848788957254, -104.520801958804, -104.989966854725, -105.786350976121, -106.241198699099, -105.900702923712, -106.342765813296, 
-106.002340124194, -105.231275894558, -104.788395404779, -104.015726590557, -103.698126967265, -104.141460616487, -103.823129003448, -103.07290747432, -102.629460661805, -101.878236286099, -101.581933149228, -102.025176520716, -101.727424788185, -102.158319073537, -101.859225483277, -101.140183480099, -100.850497037311, -100.141287219542, -99.8606472597525, -99.1611522476321, -98.8891998336459, -99.3061319481695, -99.0320886625026, -98.3514410251332, -98.0854761563732, -97.4139684605885, -97.1557426622185, 
-97.5589977470752, -98.2218640053243, -98.6156634495125, -98.3454294067102, -97.6908902601329, -97.4279444593901, -96.7818431880092, -96.3907074532998, -95.7450950498626, -95.3449493062902, -94.6999066417991, -94.2905934459384, -93.6462066395043, -93.2275749345006, -92.5839353632485, -92.1558412995654, -91.5130455790281, -91.3062297441679, -90.6721781140006, -90.2372135281308, -90.4335033124365, -89.9860861789136, -89.3452886707117, -89.1597489653885, -88.5278536167263, -88.3479426843928, -87.7247256595663, 
-87.274039897457, -86.6521235761702, -86.4881078085388, -85.8747058491447, -85.4182698147803, -84.8063288701307, -84.5418580761702, -83.8186029324914, -83.4719760785846, -82.7458407740195, -82.3946120093938, -81.6657363693455, -81.3098079664774, -81.5550182239269, 31.2406286491806, 31.7226226744952, 32.3586063701828, 32.8375827542774, 32.6787937262658, 33.0546059421654, 33.5930179608384, 33.866070207807, 33.5930179608752, 33.8526438157174, 34.3929385698314, 34.6466120156624, 35.188754433168, 35.4363055355411, 
35.980255424854, 36.2215092256955, 36.7672208897841, 37.0019971898054, 37.5494190102548, 37.8627484604203, 38.4125931202183, 38.648404876605, 39.1999983477577, 39.4289302209876, 39.9822101189699, 40.2040536927455, 40.7589498263687, 40.9734900992886, 40.6254727668279, 40.8249600051593, 40.3992312945443, 40.5234753534518, 41.1405020953655, 41.5717242099898, 42.127930381069, 42.4940838401527, 43.0533199519129, 43.2445909809122, 43.8050714654047, 44.1761660477896, 44.7398022961109, 45.1063130791811, 
44.8994615456855, 45.2512850479003, 45.0280205208315, 45.3646961763065, 45.1249304329362, 45.4460586641149, 46.0166260583792, 46.3315446543341, 46.0661294973836, 46.3647619746058, 46.0826548975723, 46.3647619745613, 46.9384835158729, 47.2132937777885, 46.904889593307, 46.3315446542013, 46.0166260582046, 45.4460586639411, 45.1249304327193, 44.557168469031, 44.3097482255163, 43.7439737497146, 43.4263693823613, 43.6651849328178, 43.3325023674901, 43.5553580894956, 44.1191307044255, 44.3341167962537, 
44.899461545297, 45.106313078752, 44.7398022956405, 44.9303955176915, 45.4952629264418, 45.6772635519238, 45.2868652622919, 45.4526738234703, 46.0161207920242, 46.1729187059442, 45.759315796541, 45.9001189259865, 46.4611545838289, 46.5925721641416, 46.119894233944, 46.2023495569697, 45.6851149703255, 45.7591676337098, 45.2347370750978, 45.3004642140923, 44.7692812232348, 44.8267680337809, 44.2892702101082, 44.338609411993, 43.7952273848768, 43.8365186960062, 44.4217877050357, 44.4554893635756, 43.9035066002166, 
43.3210248322782, 42.767133923853, 42.1830149423489, 41.6275353573124, 41.6531748491286, 41.0934289708886, 40.5110842940932, 39.9504212034844, 39.3668350584407, 39.3405253268146, 39.8982487006584, 39.8649399995021, 39.2736819902136, 38.7188656843593, 38.126548328093, 38.0859801995178, 38.6379197255207, 38.5906650352976, 37.9914861940389, 37.4423962509371, 36.8423602321947, 36.2925484837408, 35.6918759193035, 35.6381254864188, 35.0340883505216, 34.9742610897689, 34.3671086094019, 34.3014510568356, 
33.6914296791277, 33.1497790587289, 32.539783650225, 32.4687598436372, 31.8562988053213, 31.780016567, 31.1653389448876, 30.6296106311969, 30.7056142333947, 30.1673298931495, 29.5561013870192, 29.4803431595597, 28.8672697310393, 28.7866884436478, 29.318838249497, 29.2331717264192, 29.762844213488, 29.6720620993223, 30.1990555399822, 30.1031312222728, 30.6272375379192, 30.5261483450406, 31.0471531059249, 30.9408805083126, 30.3145735396304, 30.2041706205045, 30.71903371372, 31.3470927688836, 31.8612258555642, 
31.7445484499047, 31.1149546433865, 30.9943726251136, 30.3636387706568, 30.2393056705831, 30.7443946789485, 30.6150824131534, 29.9820803601036, 29.8492678002414, 30.3480175836709, 30.2103463895729, 29.6143132997522, 29.5127287045511, 29.9661056677285, 29.8600449954681, 30.3091435199269, 30.1985335058558, 30.6432475354482, 31.2406286491806), c(-102.438714861229, -101.940014615169, -101.138574686101, -100.849318340096, -101.347772098261, -102.135887392066, -102.438714861229, 42.6598427092633, 43.2056243824458, 
43.1570549579885, 42.5633430487257, 42.0205474305174, 42.068540392498, 42.6598427092633)), list(c(-101.794127692507, -101.246826425719, -101.542536134973, -102.401275483319, -102.711014600253, -103.583754062223, -104.130344611296, -103.805023964833, -102.948480478678, -102.637241364719, -101.794127692507, 46.0527167806532, 46.5902247438286, 47.1738180003191, 47.2177510202849, 47.7969717729062, 47.8329701534604, 47.2886819123107, 46.7119202621408, 46.6769101958444, 46.0955469096127, 46.0527167806532
)))
"Dryobates_pubescens"	0.0301187981283107	0.0285921767973151	0.0105693602946435	0.00924759276907584	0.0754626291756789	0.022846970358548	0.0355776811862216	list(list(c(-81.5550182239269, -81.0610244014459, -81.1692357771391, -80.6608048499385, -80.0490314016697, -79.4450832216347, -79.4493959018177, -78.750000001033, -78.0506041002241, -77.3470826691427, -77.3380794352274, -76.6259326298963, -76.6118454494323, -75.8908804262092, -75.8712991555678, -75.1413179537185, -75.1158144239239, -74.3766146139905, -74.3447413157075, -75.0626198626035, -75.0348880403491, -74.278267518654, -74.2436137588233, -73.4766731332974, -73.434584582078, -72.6570890148896, 
-72.6070263455238, -71.8187390345084, -71.0907013684678, -70.3022743216699, -69.6615826323144, -68.9472075955157, -68.7889018971581, -69.4321624915719, -69.3514160900383, -70.082492851739, -70.0049820678548, -69.1828999446972, -69.0949594942791, -69.8431167143706, -69.7585894699123, -70.523553646314, -71.3710213524858, -72.1506441644126, -72.9967311847487, -73.7897686151516, -74.6329274488688, -75.438041240172, -75.4052862252308, -76.2274963439906, -77.0760576043087, -77.9086297129234, -78.7500000015691, 
-79.5913702903001, -79.5999668079376, -80.4583136852604, -81.2982527579674, -81.2725036592068, -82.0947137778826, -82.0619587629107, -82.8670725542025, -82.8279929808233, -81.9993213560894, -81.9693664821293, -82.7532111733837, -83.5718329389877, -84.344525847968, -85.1657295231205, -85.2251498858171, -86.0593325215522, -86.1289786505519, -86.9764463566884, -87.7414105330679, -88.5887517536114, -88.6847257456299, -89.5449554689399, -90.2946090569801, -91.1525377948799, -91.2760956161798, -92.1463908850316, 
-92.8768949083612, -93.7427126595897, -93.8948626527051, -94.772401661159, -95.424068111182, -96.2423508350856, -96.8211769718014, -97.6392495804281, -98.2016401771437, -99.0191329990226, -99.5652400319464, -100.381807069866, -100.911822457502, -101.727141242212, -102.241292754622, -103.05506399754, -103.368868294854, -104.195049224983, -104.693011456541, -104.365558330953, -104.848788957254, -104.520801958804, -104.989966854725, -105.786350976121, -106.241198699099, -105.900702923712, -106.342765813296, 
-106.002340124194, -105.231275894558, -104.788395404779, -104.015726590557, -103.698126967265, -104.141460616487, -103.823129003448, -103.07290747432, -102.629460661805, -101.878236286099, -101.581933149228, -102.025176520716, -101.727424788185, -102.158319073537, -101.859225483277, -101.140183480099, -100.850497037311, -100.141287219542, -99.8606472597525, -99.1611522476321, -98.8891998336459, -99.3061319481695, -99.0320886625026, -98.3514410251332, -98.0854761563732, -97.4139684605885, -97.1557426622185, 
-97.5589977470752, -98.2218640053243, -98.6156634495125, -98.3454294067102, -97.6908902601329, -97.4279444593901, -96.7818431880092, -96.3907074532998, -95.7450950498626, -95.3449493062902, -94.6999066417991, -94.2905934459384, -93.6462066395043, -93.2275749345006, -92.5839353632485, -92.1558412995654, -91.5130455790281, -91.3062297441679, -90.6721781140006, -90.2372135281308, -90.4335033124365, -89.9860861789136, -89.3452886707117, -89.1597489653885, -88.5278536167263, -88.3479426843928, -87.7247256595663, 
-87.274039897457, -86.6521235761702, -86.4881078085388, -85.8747058491447, -85.4182698147803, -84.8063288701307, -84.5418580761702, -83.8186029324914, -83.4719760785846, -82.7458407740195, -82.3946120093938, -81.6657363693455, -81.3098079664774, -81.5550182239269, 31.2406286491806, 31.7226226744952, 32.3586063701828, 32.8375827542774, 32.6787937262658, 33.0546059421654, 33.5930179608384, 33.866070207807, 33.5930179608752, 33.8526438157174, 34.3929385698314, 34.6466120156624, 35.188754433168, 35.4363055355411, 
35.980255424854, 36.2215092256955, 36.7672208897841, 37.0019971898054, 37.5494190102548, 37.8627484604203, 38.4125931202183, 38.648404876605, 39.1999983477577, 39.4289302209876, 39.9822101189699, 40.2040536927455, 40.7589498263687, 40.9734900992886, 40.6254727668279, 40.8249600051593, 40.3992312945443, 40.5234753534518, 41.1405020953655, 41.5717242099898, 42.127930381069, 42.4940838401527, 43.0533199519129, 43.2445909809122, 43.8050714654047, 44.1761660477896, 44.7398022961109, 45.1063130791811, 
44.8994615456855, 45.2512850479003, 45.0280205208315, 45.3646961763065, 45.1249304329362, 45.4460586641149, 46.0166260583792, 46.3315446543341, 46.0661294973836, 46.3647619746058, 46.0826548975723, 46.3647619745613, 46.9384835158729, 47.2132937777885, 46.904889593307, 46.3315446542013, 46.0166260582046, 45.4460586639411, 45.1249304327193, 44.557168469031, 44.3097482255163, 43.7439737497146, 43.4263693823613, 43.6651849328178, 43.3325023674901, 43.5553580894956, 44.1191307044255, 44.3341167962537, 
44.899461545297, 45.106313078752, 44.7398022956405, 44.9303955176915, 45.4952629264418, 45.6772635519238, 45.2868652622919, 45.4526738234703, 46.0161207920242, 46.1729187059442, 45.759315796541, 45.9001189259865, 46.4611545838289, 46.5925721641416, 46.119894233944, 46.2023495569697, 45.6851149703255, 45.7591676337098, 45.2347370750978, 45.3004642140923, 44.7692812232348, 44.8267680337809, 44.2892702101082, 44.338609411993, 43.7952273848768, 43.8365186960062, 44.4217877050357, 44.4554893635756, 43.9035066002166, 
43.3210248322782, 42.767133923853, 42.1830149423489, 41.6275353573124, 41.6531748491286, 41.0934289708886, 40.5110842940932, 39.9504212034844, 39.3668350584407, 39.3405253268146, 39.8982487006584, 39.8649399995021, 39.2736819902136, 38.7188656843593, 38.126548328093, 38.0859801995178, 38.6379197255207, 38.5906650352976, 37.9914861940389, 37.4423962509371, 36.8423602321947, 36.2925484837408, 35.6918759193035, 35.6381254864188, 35.0340883505216, 34.9742610897689, 34.3671086094019, 34.3014510568356, 
33.6914296791277, 33.1497790587289, 32.539783650225, 32.4687598436372, 31.8562988053213, 31.780016567, 31.1653389448876, 30.6296106311969, 30.7056142333947, 30.1673298931495, 29.5561013870192, 29.4803431595597, 28.8672697310393, 28.7866884436478, 29.318838249497, 29.2331717264192, 29.762844213488, 29.6720620993223, 30.1990555399822, 30.1031312222728, 30.6272375379192, 30.5261483450406, 31.0471531059249, 30.9408805083126, 30.3145735396304, 30.2041706205045, 30.71903371372, 31.3470927688836, 31.8612258555642, 
31.7445484499047, 31.1149546433865, 30.9943726251136, 30.3636387706568, 30.2393056705831, 30.7443946789485, 30.6150824131534, 29.9820803601036, 29.8492678002414, 30.3480175836709, 30.2103463895729, 29.6143132997522, 29.5127287045511, 29.9661056677285, 29.8600449954681, 30.3091435199269, 30.1985335058558, 30.6432475354482, 31.2406286491806), c(-102.438714861229, -101.940014615169, -101.138574686101, -100.849318340096, -101.347772098261, -102.135887392066, -102.438714861229, 42.6598427092633, 43.2056243824458, 
43.1570549579885, 42.5633430487257, 42.0205474305174, 42.068540392498, 42.6598427092633)), list(c(-101.794127692507, -101.246826425719, -101.542536134973, -102.401275483319, -102.711014600253, -103.583754062223, -104.130344611296, -103.805023964833, -102.948480478678, -102.637241364719, -101.794127692507, 46.0527167806532, 46.5902247438286, 47.1738180003191, 47.2177510202849, 47.7969717729062, 47.8329701534604, 47.2886819123107, 46.7119202621408, 46.6769101958444, 46.0955469096127, 46.0527167806532
)))
"Haemorhous_purpureus"	0.0129220737140854	0.00844300183220022	0.0148337174700588	0.00102505744230794	0.166666666666667	0.00545902959811564	0.0162275587592196	list(list(c(-101.794127692507, -101.246826425719, -101.542536134973, -102.401275483319, -102.711014600253, -103.583754062223, -104.130344611296, -103.805023964833, -102.948480478678, -102.637241364719, -101.794127692507, 46.0527167806532, 46.5902247438286, 47.1738180003191, 47.2177510202849, 47.7969717729062, 47.8329701534604, 47.2886819123107, 46.7119202621408, 46.6769101958444, 46.0955469096127, 46.0527167806532)), list(c(-85.1657295231205, -85.2251498858171, -86.0593325215522, -86.1289786505519, 
-86.9764463566884, -87.7414105330679, -88.5887517536114, -88.6847257456299, -89.5449554689399, -90.2946090569801, -91.1525377948799, -91.2760956161798, -92.1463908850316, -92.8768949083612, -93.7427126595897, -93.8948626527051, -94.772401661159, -95.424068111182, -96.2423508350856, -96.8211769718014, -97.6392495804281, -98.2016401771437, -99.0191329990226, -99.5652400319464, -100.381807069866, -100.911822457502, -100.624701035933, -99.8220826933964, -99.5468968078089, -100.060102901892, -100.849318340096, 
-101.347772098261, -102.135887392066, -102.438714861229, -103.238709632888, -103.553611259397, -103.05506399754, -103.368868294854, -104.195049224983, -104.693011456541, -104.365558330953, -104.848788957254, -104.520801958804, -104.989966854725, -105.786350976121, -106.241198699099, -105.900702923712, -106.342765813296, -106.002340124194, -105.231275894558, -104.788395404779, -104.015726590557, -103.698126967265, -102.936211705102, -102.629460661805, -101.878236286099, -101.581933149228, -102.025176520716, 
-101.727424788185, -102.158319073537, -101.859225483277, -101.140183480099, -100.850497037311, -100.141287219542, -99.8606472597525, -99.1611522476321, -98.8891998336459, -99.3061319481695, -99.0320886625026, -98.3514410251332, -98.0854761563732, -97.4139684605885, -97.1557426622185, -97.5589977470752, -98.2218640053243, -98.6156634495125, -98.3454294067102, -97.6908902601329, -97.4279444593901, -96.7818431880092, -96.3907074532998, -95.7450950498626, -95.3449493062902, -94.6999066417991, -94.2905934459384, 
-93.6462066395043, -93.2275749345006, -92.5839353632485, -92.1558412995654, -91.5130455790281, -91.3062297441679, -90.6721781140006, -90.2372135281308, -90.4335033124365, -89.9860861789136, -89.3452886707117, -89.1597489653885, -88.5278536167263, -88.3479426843928, -87.7247256595663, -87.274039897457, -86.6521235761702, -86.4881078085388, -85.8747058491447, -85.4182698147803, -84.8063288701307, -84.5418580761702, -83.8186029324914, -83.4719760785846, -82.7458407740195, -82.3946120093938, -81.6657363693455, 
-81.3098079664774, -81.5550182239269, -81.0610244014459, -81.1692357771391, -80.6608048499385, -80.0490314016697, -79.4450832216347, -79.4493959018177, -78.750000001033, -78.0506041002241, -77.3470826691427, -77.3380794352274, -76.6259326298963, -76.6118454494323, -75.8908804262092, -75.8712991555678, -75.1413179537185, -75.1158144239239, -74.3766146139905, -74.3447413157075, -75.0626198626035, -75.0348880403491, -74.278267518654, -74.2436137588233, -73.4766731332974, -73.434584582078, -72.6570890148896, 
-72.6070263455238, -71.8187390345084, -71.0907013684678, -70.3022743216699, -69.6615826323144, -68.9472075955157, -68.7889018971581, -69.4321624915719, -69.3514160900383, -70.082492851739, -70.0049820678548, -69.1828999446972, -69.0949594942791, -69.8431167143706, -69.7585894699123, -70.523553646314, -71.3710213524858, -72.1506441644126, -72.9967311847487, -73.7897686151516, -74.6329274488688, -75.438041240172, -75.4052862252308, -76.2274963439906, -77.0760576043087, -77.9086297129234, -78.7500000015691, 
-79.5913702903001, -79.5999668079376, -80.4583136852604, -81.2982527579674, -81.2725036592068, -82.0947137778826, -82.0619587629107, -82.8670725542025, -82.8279929808233, -81.9993213560894, -81.9693664821293, -82.7532111733837, -83.5718329389877, -84.344525847968, -85.1657295231205, 43.5553580894956, 44.1191307044255, 44.3341167962537, 44.899461545297, 45.106313078752, 44.7398022956405, 44.9303955176915, 45.4952629264418, 45.6772635519238, 45.2868652622919, 45.4526738234703, 46.0161207920242, 46.1729187059442, 
45.759315796541, 45.9001189259865, 46.4611545838289, 46.5925721641416, 46.119894233944, 46.2023495569697, 45.6851149703255, 45.7591676337098, 45.2347370750978, 45.3004642140923, 44.7692812232348, 44.8267680337809, 44.2892702101082, 43.6973864092764, 43.640974487239, 43.04516507174, 42.5077980426859, 42.5633430487257, 42.0205474305174, 42.068540392498, 42.6598427092633, 42.700665406644, 43.2876752066598, 43.8365186960062, 44.4217877050357, 44.4554893635756, 43.9035066002166, 43.3210248322782, 42.767133923853, 
42.1830149423489, 41.6275353573124, 41.6531748491286, 41.0934289708886, 40.5110842940932, 39.9504212034844, 39.3668350584407, 39.3405253268146, 39.8982487006584, 39.8649399995021, 39.2736819902136, 39.2332600374676, 38.6379197255207, 38.5906650352976, 37.9914861940389, 37.4423962509371, 36.8423602321947, 36.2925484837408, 35.6918759193035, 35.6381254864188, 35.0340883505216, 34.9742610897689, 34.3671086094019, 34.3014510568356, 33.6914296791277, 33.1497790587289, 32.539783650225, 32.4687598436372, 
31.8562988053213, 31.780016567, 31.1653389448876, 30.6296106311969, 30.7056142333947, 30.1673298931495, 29.5561013870192, 29.4803431595597, 28.8672697310393, 28.7866884436478, 29.318838249497, 29.2331717264192, 29.762844213488, 29.6720620993223, 30.1990555399822, 30.1031312222728, 30.6272375379192, 30.5261483450406, 31.0471531059249, 30.9408805083126, 30.3145735396304, 30.2041706205045, 30.71903371372, 31.3470927688836, 31.8612258555642, 31.7445484499047, 31.1149546433865, 30.9943726251136, 30.3636387706568, 
30.2393056705831, 30.7443946789485, 30.6150824131534, 29.9820803601036, 29.8492678002414, 30.3480175836709, 30.2103463895729, 29.6143132997522, 29.5127287045511, 29.9661056677285, 29.8600449954681, 30.3091435199269, 30.1985335058558, 30.6432475354482, 31.2406286491806, 31.7226226744952, 32.3586063701828, 32.8375827542774, 32.6787937262658, 33.0546059421654, 33.5930179608384, 33.866070207807, 33.5930179608752, 33.8526438157174, 34.3929385698314, 34.6466120156624, 35.188754433168, 35.4363055355411, 
35.980255424854, 36.2215092256955, 36.7672208897841, 37.0019971898054, 37.5494190102548, 37.8627484604203, 38.4125931202183, 38.648404876605, 39.1999983477577, 39.4289302209876, 39.9822101189699, 40.2040536927455, 40.7589498263687, 40.9734900992886, 40.6254727668279, 40.8249600051593, 40.3992312945443, 40.5234753534518, 41.1405020953655, 41.5717242099898, 42.127930381069, 42.4940838401527, 43.0533199519129, 43.2445909809122, 43.8050714654047, 44.1761660477896, 44.7398022961109, 45.1063130791811, 
44.8994615456855, 45.2512850479003, 45.0280205208315, 45.3646961763065, 45.1249304329362, 45.4460586641149, 46.0166260583792, 46.3315446543341, 46.0661294973836, 46.3647619746058, 46.0826548975723, 46.3647619745613, 46.9384835158729, 47.2132937777885, 46.904889593307, 46.3315446542013, 46.0166260582046, 45.4460586639411, 45.1249304327193, 44.557168469031, 44.3097482255163, 43.7439737497146, 43.4263693823613, 43.6651849328178, 43.3325023674901, 43.5553580894956), c(-99.5483339121712, -99.9903084591888, 
-100.709773006388, -100.997804466909, -100.555058877512, -100.841313654399, -100.385686629683, -100.670034219395, -101.422092731193, -101.716832352231, -101.247208367819, -100.483251282914, -100.20095155661, -99.4482406440365, -99.17625247666, -99.644489044974, -99.3701156423856, -99.8249374876823, -99.5483339121712, 36.6686442786665, 36.125187566213, 36.1851054523108, 36.7886302896006, 37.3348940854544, 37.9376717811085, 38.4828767778562, 39.0846799629084, 39.1387009008972, 39.7368097710296, 40.2834505068579, 
40.2290837896039, 39.6284741570507, 39.5676116153392, 38.9634502404129, 38.4224586492912, 37.8171905073235, 37.2747850210739, 36.6686442786665)))
"Hylocichla_mustelina"	0.0077035298899633	0.00445436507936508	0.010046975451039	0.000404105714054797	0.0909090909090909	0.00236960437127314	0.00976117262482118	list(list(c(-99.4482406440365, -99.17625247666, -98.4346509230512, -97.9535954254946, -98.2128252853431, -98.9659934464467, -99.4482406440365, 39.5676116153392, 38.9634502404129, 38.8963607983361, 39.4328021097276, 40.0390425615827, 40.106817429172, 39.5676116153392)), list(c(-100.911822457502, -100.624701035933, -99.8220826933964, -99.2928006246408, -99.5652400319464, -100.381807069866, -100.911822457502, 44.2892702101082, 43.6973864092764, 43.640974487239, 44.1754435450924, 44.7692812232348, 44.8267680337809, 
44.2892702101082)), list(c(-97.4380378102346, -97.1886859901153, -96.4107420496766, -96.1721357963439, -96.6970811016211, -97.4625343664657, -97.9733613169116, -97.7172074090446, -96.963790890889, -96.4546179231484, -95.7011759192993, -95.1782877162034, -95.4066624526182, -94.8674511181121, -95.0913834418617, -95.8693270926415, -96.10381531234, -96.8947183275794, -97.4380378102346, 43.4426177091952, 42.8414881958391, 42.7643186835167, 42.1598280026269, 41.6338810206563, 41.7097432629066, 41.1780596346861, 
40.5733050032456, 40.498552035981, 41.0275083151864, 40.9457167470873, 41.4689968330452, 42.0766676233312, 42.5964906302927, 43.2020893395716, 43.286830057738, 43.8892229732689, 43.9679154733364, 43.4426177091952)), list(c(-103.876297840761, -104.661517323192, -105.117243944637, -105.900702923712, -106.342765813296, -106.002340124194, -105.231275894558, -104.788395404779, -104.015726590557, -103.698126967265, -102.936211705102, -102.479863092019, -102.785415950352, -102.315580156142, -102.619828559981, 
-103.406605905178, -103.876297840761, 41.008761845019, 41.0419311957781, 40.4851763270254, 40.5110842940932, 39.9504212034844, 39.3668350584407, 39.3405253268146, 39.8982487006584, 39.8649399995021, 39.2736819902136, 39.2332600374676, 39.7841622902838, 40.3783430611064, 40.9278781956852, 41.5207098000828, 41.5612424482354, 41.008761845019)), list(c(-95.5164797994618, -95.2814601638262, -94.5826162393959, -94.1088432489269, -94.3316605281933, -95.0405496837157, -95.5164797994618, 36.8286482618063, 
36.2124227581905, 36.1229261717998, 36.648726401596, 37.266584701486, 37.3570582653012, 36.8286482618063)), list(c(-70.082492851739, -70.0049820678548, -69.1828999446972, -69.0949594942791, -69.8431167143706, -70.6778275362992, -71.4406674813601, -71.3710213524858, -72.1506441644126, -72.9967311847487, -73.7897686151516, -74.6329274488688, -75.438041240172, -75.4052862252308, -76.2274963439906, -77.0760576043087, -77.0924720609365, -77.9250559367569, -78.7500000015422, -79.574944066271, -80.4075279421398, 
-81.2232990887626, -81.1997838816634, -80.3761415343848, -80.3611331075116, -81.1547911659474, -81.9693664821293, -82.7532111733837, -83.5718329389877, -84.344525847968, -85.1657295231205, -85.2251498858171, -86.0593325215522, -86.1289786505519, -86.9764463566884, -87.7414105330679, -88.5887517536114, -89.3379188888212, -89.2388519216127, -89.9712664594612, -90.802811573617, -90.9160286250735, -90.183682280159, -90.2946090569801, -91.1525377948799, -91.2760956161798, -92.1463908850316, -92.8768949083612, 
-93.7427126595897, -94.3944491905803, -94.1803072558248, -93.3898139910241, -93.1863172248608, -93.7574910161565, -93.5486288755396, -94.102223022276, -93.8883205197842, -94.4250572253001, -94.2064142767523, -94.7269846006123, -95.4686290641541, -95.9758735687491, -95.7394044530587, -96.231654336832, -95.9914946431141, -95.271827017101, -94.7816327751259, -94.0623372899803, -93.5596793269198, -92.8409460787484, -92.6353475425339, -93.1353896956798, -92.9250802243276, -92.2274426098203, -92.0250004302279, 
-91.3378434850788, -91.1428616143507, -90.4659475576141, -90.2780305243804, -90.7549970224463, -91.4229424499255, -91.6228123816426, -92.3006571403743, -92.7695492147704, -92.5579836888794, -93.0135352166575, -93.6831448857901, -94.1281836494015, -94.7984366848803, -95.0325924594569, -95.712391332487, -96.1489278272458, -96.8291228457342, -97.2551904537027, -96.9995472337918, -96.3283517941742, -96.0803372851051, -96.4932219244632, -97.1557426622185, -97.5589977470752, -98.2218640053243, -98.6156634495125, 
-98.3454294067102, -97.6908902601329, -97.2983400283283, -96.6441803175122, -96.3907074532998, -95.7450950498626, -95.3449493062902, -94.6999066417991, -94.2905934459384, -93.6462066395043, -93.2275749345006, -92.5839353632485, -92.1558412995654, -91.5130455790281, -91.3062297441679, -90.6721781140006, -90.2372135281308, -90.4335033124365, -89.9860861789136, -89.3452886707117, -89.1597489653885, -88.5278536167263, -88.3479426843928, -87.7247256595663, -87.274039897457, -86.6521235761702, -86.4881078085388, 
-85.8747058491447, -85.4182698147803, -84.8063288701307, -84.5418580761702, -83.8186029324914, -83.4719760785846, -82.7458407740195, -82.3946120093938, -81.6657363693455, -81.3098079664774, -81.5550182239269, -81.0610244014459, -81.1692357771391, -80.6608048499385, -80.0490314016697, -79.4450832216347, -79.4493959018177, -78.750000001033, -78.0506041002241, -77.3470826691427, -77.3380794352274, -76.6259326298963, -76.6118454494323, -75.8908804262092, -75.8712991555678, -75.1413179537185, -75.1158144239239, 
-75.8304499105376, -75.8091520148976, -75.0626198626035, -75.0348880403491, -74.278267518654, -74.2436137588233, -73.4766731332974, -73.434584582078, -72.6570890148896, -72.6070263455238, -71.8187390345084, -71.0907013684678, -70.3022743216699, -69.6615826323144, -68.9472075955157, -68.7889018971581, -69.4321624915719, -69.3514160900383, -70.082492851739, 42.4940838401527, 43.0533199519129, 43.2445909809122, 43.8050714654047, 44.1761660477896, 43.9772470678341, 44.3341167966342, 44.8994615456855, 
45.2512850479003, 45.0280205208315, 45.3646961763065, 45.1249304329362, 45.4460586641149, 46.0166260583792, 46.3315446543341, 46.0661294973836, 45.495019004521, 45.2222649920756, 45.5113630300668, 45.2222649920325, 45.4950190044342, 45.189772727867, 44.6213145927137, 44.3576625754068, 43.7913844403211, 43.4891743022042, 43.7439737497146, 43.4263693823613, 43.6651849328178, 43.3325023674901, 43.5553580894956, 44.1191307044255, 44.3341167962537, 44.899461545297, 45.106313078752, 44.7398022956405, 44.9303955176915, 
44.5497142026383, 43.9881087869194, 43.6033196540003, 43.770720155076, 44.3299822822042, 44.7242666188719, 45.2868652622919, 45.4526738234703, 46.0161207920242, 46.1729187059442, 45.759315796541, 45.9001189259865, 45.4336891464284, 44.8328844529783, 44.7384173732184, 44.1345612360263, 43.6256403601562, 43.0192812142774, 42.5059755395137, 41.8973390237582, 41.3801117681188, 40.7694360266609, 40.2487447281341, 40.3362066027741, 39.8099081260408, 39.1988026435289, 38.6699172062002, 38.0574709207352, 
37.9723078740781, 38.4985823290409, 38.4069858155424, 38.928153795679, 38.8300845184541, 38.2122393139487, 37.693557040968, 37.0743437716471, 36.9726920858594, 36.3511389261198, 36.2447802012477, 35.6210632904595, 35.5101973031959, 34.8844902781099, 34.3707632076795, 34.480321998678, 35.1048698267093, 35.2099605661338, 34.6893195913751, 34.0661941603711, 33.5440401488029, 33.6423987844288, 33.1164330426586, 33.2092257347355, 33.8287620697162, 33.9166680011476, 33.3843545703397, 33.4665940598628, 
32.9309230642927, 32.3158929533972, 32.2341424353453, 31.6169677814827, 31.0840163931273, 31.1653389448876, 30.6296106311969, 30.7056142333947, 30.1673298931495, 29.5561013870192, 29.4803431595597, 30.0155847312471, 29.9346463570248, 29.318838249497, 29.2331717264192, 29.762844213488, 29.6720620993223, 30.1990555399822, 30.1031312222728, 30.6272375379192, 30.5261483450406, 31.0471531059249, 30.9408805083126, 30.3145735396304, 30.2041706205045, 30.71903371372, 31.3470927688836, 31.8612258555642, 31.7445484499047, 
31.1149546433865, 30.9943726251136, 30.3636387706568, 30.2393056705831, 30.7443946789485, 30.6150824131534, 29.9820803601036, 29.8492678002414, 30.3480175836709, 30.2103463895729, 29.6143132997522, 29.5127287045511, 29.9661056677285, 29.8600449954681, 30.3091435199269, 30.1985335058558, 30.6432475354482, 31.2406286491806, 31.7226226744952, 32.3586063701828, 32.8375827542774, 32.6787937262658, 33.0546059421654, 33.5930179608384, 33.866070207807, 33.5930179608752, 33.8526438157174, 34.3929385698314, 
34.6466120156624, 35.188754433168, 35.4363055355411, 35.980255424854, 36.2215092256955, 36.7672208897841, 37.0722181951379, 37.6202588951663, 37.8627484604203, 38.4125931202183, 38.648404876605, 39.1999983477577, 39.4289302209876, 39.9822101189699, 40.2040536927455, 40.7589498263687, 40.9734900992886, 40.6254727668279, 40.8249600051593, 40.3992312945443, 40.5234753534518, 41.1405020953655, 41.5717242099898, 42.127930381069, 42.4940838401527), c(-88.0796948389777, -88.6128727614739, -89.3074054322919, 
-89.4784652912925, -88.9414537621884, -88.237141415853, -88.0796948389777, 38.6630787964332, 38.1635723369423, 38.2836449987331, 38.905140500185, 39.4067577456666, 39.2847033346284, 38.6630787964332), c(-91.9286796889149, -92.1376093432705, -91.6846261031097, -91.0253535753228, -90.8275205683431, -91.2777887090425, -91.9286796889149, 32.1925555476928, 32.8177173338111, 33.3372139628509, 33.2288436565221, 32.6020999357629, 32.0852742956645, 32.1925555476928), c(-75.5306335207998, -75.5006786468483, 
-74.6720070221716, -73.8833886201966, -73.9281670639353, -74.746788829488, -75.5306335207998, 43.7439737498842, 44.3097482256861, 44.5571684692452, 44.2301228302667, 43.6651849330719, 43.4263693825712, 43.7439737498842), c(-93.4651875241142, -92.9311706506781, -93.1355527099675, -92.584863768555, -92.7839270002656, -92.2158670629679, -91.4519878643645, -91.2681112042889, -91.8328239021493, -91.6430429568578, -92.1905989485844, -91.995244750133, -91.2665983462151, -91.0797961605463, -91.6077300546479, 
-92.3257004540886, -92.5263201891546, -93.2557912989866, -93.4651875241142, 40.6750810464916, 41.1897991865538, 41.801311510098, 42.3121034050423, 42.9213613360864, 43.4277511360788, 43.3223832679659, 42.712859681803, 42.2088907778522, 41.5968825431293, 41.0885093300747, 40.4742777842049, 40.3679638652539, 39.7511648310967, 39.2412314637381, 39.3458075448611, 39.9619886202427, 40.0615701525439, 40.6750810464916)))
"Junco_hyemalis"	0.0278615820100311	0.0275363135134459	0.013467848408141	0.0015194476585248	0.0892193308550186	0.0184594898518506	0.0357494565343881	list(list(c(-81.5550182239269, -81.0610244014459, -81.1692357771391, -80.6608048499385, -80.0490314016697, -79.4450832216347, -79.4493959018177, -78.750000001033, -78.0506041002241, -77.3470826691427, -77.3380794352274, -76.6259326298963, -76.6118454494323, -75.8908804262092, -75.8712991555678, -75.1413179537185, -75.1158144239239, -74.3766146139905, -74.3447413157075, -75.0626198626035, -75.0348880403491, -74.278267518654, -74.2436137588233, -73.4766731332974, -73.434584582078, -72.6570890148896, 
-72.6070263455238, -71.8187390345084, -71.0907013684678, -70.3022743216699, -69.6615826323144, -68.9472075955157, -68.7889018971581, -69.4321624915719, -69.3514160900383, -70.082492851739, -70.0049820678548, -69.1828999446972, -69.0949594942791, -69.8431167143706, -69.7585894699123, -70.523553646314, -71.3710213524858, -72.1506441644126, -72.9967311847487, -73.7897686151516, -74.6329274488688, -75.438041240172, -75.4052862252308, -76.2274963439906, -77.0760576043087, -77.9086297129234, -78.7500000015691, 
-79.5913702903001, -79.5999668079376, -80.4583136852604, -81.2982527579674, -81.2725036592068, -82.0947137778826, -82.0619587629107, -82.8670725542025, -82.8279929808233, -81.9993213560894, -81.9693664821293, -82.7532111733837, -83.5718329389877, -84.344525847968, -85.1657295231205, -85.2251498858171, -86.0593325215522, -86.1289786505519, -86.9764463566884, -87.7414105330679, -88.5887517536114, -88.6847257456299, -89.5449554689399, -90.2946090569801, -91.1525377948799, -91.2760956161798, -92.1463908850316, 
-92.8768949083612, -93.7427126595897, -93.8948626527051, -94.772401661159, -95.424068111182, -96.2423508350856, -96.8211769718014, -97.6392495804281, -98.2016401771437, -99.0191329990226, -99.5652400319464, -100.381807069866, -100.911822457502, -101.727141242212, -102.241292754622, -103.05506399754, -103.368868294854, -104.195049224983, -104.693011456541, -104.365558330953, -104.848788957254, -104.520801958804, -104.989966854725, -105.786350976121, -106.241198699099, -105.900702923712, -106.342765813296, 
-106.002340124194, -105.231275894558, -104.788395404779, -104.015726590557, -103.698126967265, -104.141460616487, -103.823129003448, -103.07290747432, -102.629460661805, -101.878236286099, -101.581933149228, -102.025176520716, -101.727424788185, -102.158319073537, -101.859225483277, -101.140183480099, -100.850497037311, -100.141287219542, -99.8606472597525, -99.1611522476321, -98.8891998336459, -99.3061319481695, -99.0320886625026, -98.3514410251332, -98.0854761563732, -97.4139684605885, -97.1557426622185, 
-97.5589977470752, -98.2218640053243, -98.6156634495125, -98.3454294067102, -97.6908902601329, -97.4279444593901, -96.7818431880092, -96.3907074532998, -95.7450950498626, -95.3449493062902, -94.6999066417991, -94.2905934459384, -93.6462066395043, -93.2275749345006, -92.5839353632485, -92.1558412995654, -91.5130455790281, -91.3062297441679, -90.6721781140006, -90.2372135281308, -90.4335033124365, -89.9860861789136, -89.3452886707117, -89.1597489653885, -88.5278536167263, -88.3479426843928, -87.7247256595663, 
-87.274039897457, -86.6521235761702, -86.4881078085388, -85.8747058491447, -85.4182698147803, -84.8063288701307, -84.5418580761702, -83.8186029324914, -83.4719760785846, -82.7458407740195, -82.3946120093938, -81.6657363693455, -81.3098079664774, -81.5550182239269, 31.2406286491806, 31.7226226744952, 32.3586063701828, 32.8375827542774, 32.6787937262658, 33.0546059421654, 33.5930179608384, 33.866070207807, 33.5930179608752, 33.8526438157174, 34.3929385698314, 34.6466120156624, 35.188754433168, 35.4363055355411, 
35.980255424854, 36.2215092256955, 36.7672208897841, 37.0019971898054, 37.5494190102548, 37.8627484604203, 38.4125931202183, 38.648404876605, 39.1999983477577, 39.4289302209876, 39.9822101189699, 40.2040536927455, 40.7589498263687, 40.9734900992886, 40.6254727668279, 40.8249600051593, 40.3992312945443, 40.5234753534518, 41.1405020953655, 41.5717242099898, 42.127930381069, 42.4940838401527, 43.0533199519129, 43.2445909809122, 43.8050714654047, 44.1761660477896, 44.7398022961109, 45.1063130791811, 
44.8994615456855, 45.2512850479003, 45.0280205208315, 45.3646961763065, 45.1249304329362, 45.4460586641149, 46.0166260583792, 46.3315446543341, 46.0661294973836, 46.3647619746058, 46.0826548975723, 46.3647619745613, 46.9384835158729, 47.2132937777885, 46.904889593307, 46.3315446542013, 46.0166260582046, 45.4460586639411, 45.1249304327193, 44.557168469031, 44.3097482255163, 43.7439737497146, 43.4263693823613, 43.6651849328178, 43.3325023674901, 43.5553580894956, 44.1191307044255, 44.3341167962537, 
44.899461545297, 45.106313078752, 44.7398022956405, 44.9303955176915, 45.4952629264418, 45.6772635519238, 45.2868652622919, 45.4526738234703, 46.0161207920242, 46.1729187059442, 45.759315796541, 45.9001189259865, 46.4611545838289, 46.5925721641416, 46.119894233944, 46.2023495569697, 45.6851149703255, 45.7591676337098, 45.2347370750978, 45.3004642140923, 44.7692812232348, 44.8267680337809, 44.2892702101082, 44.338609411993, 43.7952273848768, 43.8365186960062, 44.4217877050357, 44.4554893635756, 43.9035066002166, 
43.3210248322782, 42.767133923853, 42.1830149423489, 41.6275353573124, 41.6531748491286, 41.0934289708886, 40.5110842940932, 39.9504212034844, 39.3668350584407, 39.3405253268146, 39.8982487006584, 39.8649399995021, 39.2736819902136, 38.7188656843593, 38.126548328093, 38.0859801995178, 38.6379197255207, 38.5906650352976, 37.9914861940389, 37.4423962509371, 36.8423602321947, 36.2925484837408, 35.6918759193035, 35.6381254864188, 35.0340883505216, 34.9742610897689, 34.3671086094019, 34.3014510568356, 
33.6914296791277, 33.1497790587289, 32.539783650225, 32.4687598436372, 31.8562988053213, 31.780016567, 31.1653389448876, 30.6296106311969, 30.7056142333947, 30.1673298931495, 29.5561013870192, 29.4803431595597, 28.8672697310393, 28.7866884436478, 29.318838249497, 29.2331717264192, 29.762844213488, 29.6720620993223, 30.1990555399822, 30.1031312222728, 30.6272375379192, 30.5261483450406, 31.0471531059249, 30.9408805083126, 30.3145735396304, 30.2041706205045, 30.71903371372, 31.3470927688836, 31.8612258555642, 
31.7445484499047, 31.1149546433865, 30.9943726251136, 30.3636387706568, 30.2393056705831, 30.7443946789485, 30.6150824131534, 29.9820803601036, 29.8492678002414, 30.3480175836709, 30.2103463895729, 29.6143132997522, 29.5127287045511, 29.9661056677285, 29.8600449954681, 30.3091435199269, 30.1985335058558, 30.6432475354482, 31.2406286491806), c(-102.438714861229, -101.940014615169, -101.138574686101, -100.849318340096, -101.347772098261, -102.135887392066, -102.438714861229, 42.6598427092633, 43.2056243824458, 
43.1570549579885, 42.5633430487257, 42.0205474305174, 42.068540392498, 42.6598427092633)), list(c(-101.794127692507, -101.246826425719, -101.542536134973, -102.401275483319, -102.711014600253, -103.583754062223, -104.130344611296, -103.805023964833, -102.948480478678, -102.637241364719, -101.794127692507, 46.0527167806532, 46.5902247438286, 47.1738180003191, 47.2177510202849, 47.7969717729062, 47.8329701534604, 47.2886819123107, 46.7119202621408, 46.6769101958444, 46.0955469096127, 46.0527167806532
)))
"Mimus_polyglottos"	0.0184879460962475	0.0179340028694405	0.014262052473118	0.000974834616208175	0.142857142857143	0.00796327049753717	0.0263263402937001	list(list(c(-94.7543339816774, -94.5351373278968, -93.7574910161565, -93.1863172248608, -92.4092825435592, -91.7588324725605, -91.8842641088115, -91.1525377948799, -91.2760956161798, -92.1463908850316, -92.8768949083612, -93.7427126595897, -93.8948626527051, -94.772401661159, -95.424068111182, -95.1986956137788, -95.7752841326645, -95.5451983932089, -94.7543339816774, 44.3213160993798, 43.7180102510917, 43.6256403601562, 44.1345612360263, 44.0345113459106, 44.4887698496617, 45.0487828325671, 45.4526738234703, 
46.0161207920242, 46.1729187059442, 45.759315796541, 45.9001189259865, 46.4611545838289, 46.5925721641416, 46.119894233944, 45.5222956949576, 45.0079577902282, 44.4078664023247, 44.3213160993798)), list(c(-104.693011456541, -104.365558330953, -103.553611259397, -103.05506399754, -103.368868294854, -104.195049224983, -104.693011456541, 43.9035066002166, 43.3210248322782, 43.2876752066598, 43.8365186960062, 44.4217877050357, 44.4554893635756, 43.9035066002166)), list(c(-100.911822457502, -100.624701035933, 
-99.8220826933964, -99.2928006246408, -99.5652400319464, -100.381807069866, -100.911822457502, 44.2892702101082, 43.6973864092764, 43.640974487239, 44.1754435450924, 44.7692812232348, 44.8267680337809, 44.2892702101082)), list(c(-97.6908902601329, -97.4279444593901, -96.7818431880092, -96.3907074532998, -95.7450950498626, -95.3449493062902, -94.6999066417991, -94.2905934459384, -93.6462066395043, -93.2275749345006, -92.5839353632485, -92.1558412995654, -91.5130455790281, -91.3062297441679, -90.6721781140006, 
-90.2372135281308, -90.4335033124365, -89.9860861789136, -89.3452886707117, -89.1597489653885, -88.5278536167263, -88.3479426843928, -87.7247256595663, -87.274039897457, -86.6521235761702, -86.4881078085388, -85.8747058491447, -85.4182698147803, -84.8063288701307, -84.5418580761702, -83.8186029324914, -83.4719760785846, -82.7458407740195, -82.3946120093938, -81.6657363693455, -81.3098079664774, -81.5550182239269, -81.0610244014459, -81.1692357771391, -80.6608048499385, -80.0490314016697, -79.4450832216347, 
-79.4493959018177, -78.750000001033, -78.0506041002241, -77.3470826691427, -77.3380794352274, -76.6259326298963, -76.6118454494323, -75.8908804262092, -75.8712991555678, -75.1413179537185, -75.1158144239239, -74.3766146139905, -74.3447413157075, -75.0626198626035, -75.0348880403491, -74.278267518654, -74.2436137588233, -73.4766731332974, -73.434584582078, -72.6570890148896, -72.6070263455238, -71.8187390345084, -71.0907013684678, -70.3022743216699, -69.6615826323144, -68.9472075955157, -68.7889018971581, 
-69.4321624915719, -69.3514160900383, -70.082492851739, -70.0049820678548, -69.1828999446972, -69.0949594942791, -69.8431167143706, -69.7585894699123, -70.523553646314, -71.3710213524858, -72.1506441644126, -72.9967311847487, -73.7897686151516, -74.6329274488688, -75.438041240172, -75.4052862252308, -76.2274963439906, -77.0760576043087, -77.9086297129234, -78.7500000015691, -78.7500000015422, -79.574944066271, -80.4075279421398, -81.2232990887626, -82.0619587629107, -82.8670725542025, -82.8279929808233, 
-81.9993213560894, -81.9693664821293, -82.7532111733837, -83.5718329389877, -84.344525847968, -85.1657295231205, -85.2251498858171, -86.0593325215522, -86.1289786505519, -86.9764463566884, -87.7414105330679, -88.5887517536114, -89.3379188888212, -90.183682280159, -90.9160286250735, -90.802811573617, -91.4519878643645, -91.2681112042889, -91.8328239021493, -92.584863768555, -92.7839270002656, -93.5486288755396, -94.102223022276, -93.8883205197842, -94.4250572253001, -95.1782877162034, -95.4066624526182, 
-96.1721357963439, -96.4107420496766, -95.8693270926415, -96.10381531234, -96.8947183275794, -97.4380378102346, -98.2286660687732, -98.7568374411196, -98.4930662338562, -97.7154017013474, -97.4625343664657, -97.9733613169116, -98.7385448427172, -99.0052468315703, -99.7823695645444, -100.280208273756, -101.056543936925, -101.347772098261, -102.135887392066, -102.619828559981, -103.406605905178, -103.722498952524, -104.520801958804, -104.989966854725, -105.786350976121, -106.241198699099, -105.900702923712, 
-106.342765813296, -106.002340124194, -105.231275894558, -104.788395404779, -104.015726590557, -103.698126967265, -104.141460616487, -103.823129003448, -103.07290747432, -102.629460661805, -101.878236286099, -101.581933149228, -102.025176520716, -101.727424788185, -102.158319073537, -101.859225483277, -101.140183480099, -100.850497037311, -100.141287219542, -99.8606472597525, -99.1611522476321, -98.8891998336459, -99.3061319481695, -99.0320886625026, -98.3514410251332, -98.0854761563732, -97.4139684605885, 
-97.1557426622185, -97.5589977470752, -98.2218640053243, -98.6156634495125, -98.3454294067102, -97.6908902601329, 29.4803431595597, 28.8672697310393, 28.7866884436478, 29.318838249497, 29.2331717264192, 29.762844213488, 29.6720620993223, 30.1990555399822, 30.1031312222728, 30.6272375379192, 30.5261483450406, 31.0471531059249, 30.9408805083126, 30.3145735396304, 30.2041706205045, 30.71903371372, 31.3470927688836, 31.8612258555642, 31.7445484499047, 31.1149546433865, 30.9943726251136, 30.3636387706568, 
30.2393056705831, 30.7443946789485, 30.6150824131534, 29.9820803601036, 29.8492678002414, 30.3480175836709, 30.2103463895729, 29.6143132997522, 29.5127287045511, 29.9661056677285, 29.8600449954681, 30.3091435199269, 30.1985335058558, 30.6432475354482, 31.2406286491806, 31.7226226744952, 32.3586063701828, 32.8375827542774, 32.6787937262658, 33.0546059421654, 33.5930179608384, 33.866070207807, 33.5930179608752, 33.8526438157174, 34.3929385698314, 34.6466120156624, 35.188754433168, 35.4363055355411, 
35.980255424854, 36.2215092256955, 36.7672208897841, 37.0019971898054, 37.5494190102548, 37.8627484604203, 38.4125931202183, 38.648404876605, 39.1999983477577, 39.4289302209876, 39.9822101189699, 40.2040536927455, 40.7589498263687, 40.9734900992886, 40.6254727668279, 40.8249600051593, 40.3992312945443, 40.5234753534518, 41.1405020953655, 41.5717242099898, 42.127930381069, 42.4940838401527, 43.0533199519129, 43.2445909809122, 43.8050714654047, 44.1761660477896, 44.7398022961109, 45.1063130791811, 
44.8994615456855, 45.2512850479003, 45.0280205208315, 45.3646961763065, 45.1249304329362, 45.4460586641149, 46.0166260583792, 46.3315446543341, 46.0661294973836, 46.3647619746058, 46.0826548975723, 45.5113630300668, 45.2222649920325, 45.4950190044342, 45.189772727867, 45.4460586639411, 45.1249304327193, 44.557168469031, 44.3097482255163, 43.7439737497146, 43.4263693823613, 43.6651849328178, 43.3325023674901, 43.5553580894956, 44.1191307044255, 44.3341167962537, 44.899461545297, 45.106313078752, 44.7398022956405, 
44.9303955176915, 44.5497142026383, 44.7242666188719, 44.3299822822042, 43.770720155076, 43.3223832679659, 42.712859681803, 42.2088907778522, 42.3121034050423, 42.9213613360864, 43.0192812142774, 42.5059755395137, 41.8973390237582, 41.3801117681188, 41.4689968330452, 42.0766676233312, 42.1598280026269, 42.7643186835167, 43.286830057738, 43.8892229732689, 43.9679154733364, 43.4426177091952, 43.5135188104013, 42.9819819825041, 42.3824536301608, 42.3127906252479, 41.7097432629066, 41.1780596346861, 
41.2466864407102, 41.8479679309742, 41.9101954537123, 41.370312694834, 41.4251816901543, 42.0205474305174, 42.068540392498, 41.5207098000828, 41.5612424482354, 42.1498373579291, 42.1830149423489, 41.6275353573124, 41.6531748491286, 41.0934289708886, 40.5110842940932, 39.9504212034844, 39.3668350584407, 39.3405253268146, 39.8982487006584, 39.8649399995021, 39.2736819902136, 38.7188656843593, 38.126548328093, 38.0859801995178, 38.6379197255207, 38.5906650352976, 37.9914861940389, 37.4423962509371, 
36.8423602321947, 36.2925484837408, 35.6918759193035, 35.6381254864188, 35.0340883505216, 34.9742610897689, 34.3671086094019, 34.3014510568356, 33.6914296791277, 33.1497790587289, 32.539783650225, 32.4687598436372, 31.8562988053213, 31.780016567, 31.1653389448876, 30.6296106311969, 30.7056142333947, 30.1673298931495, 29.5561013870192, 29.4803431595597)))
"Setophaga_coronata"	0.0185891281865387	0.0175829925509797	0.00833418256377989	0.00410553474306538	0.0578703703703704	0.0127117526232838	0.0236275475302791	list(list(c(-81.5550182239269, -81.0610244014459, -81.1692357771391, -80.6608048499385, -80.0490314016697, -79.4450832216347, -79.4493959018177, -78.750000001033, -78.0506041002241, -77.3470826691427, -77.3380794352274, -76.6259326298963, -76.6118454494323, -75.8908804262092, -75.8712991555678, -75.1413179537185, -75.1158144239239, -74.3766146139905, -74.3447413157075, -75.0626198626035, -75.0348880403491, -74.278267518654, -74.2436137588233, -73.4766731332974, -73.434584582078, -72.6570890148896, 
-72.6070263455238, -71.8187390345084, -71.0907013684678, -70.3022743216699, -69.6615826323144, -68.9472075955157, -68.7889018971581, -69.4321624915719, -69.3514160900383, -70.082492851739, -70.0049820678548, -69.1828999446972, -69.0949594942791, -69.8431167143706, -69.7585894699123, -70.523553646314, -71.3710213524858, -72.1506441644126, -72.9967311847487, -73.7897686151516, -74.6329274488688, -75.438041240172, -75.4052862252308, -76.2274963439906, -77.0760576043087, -77.9086297129234, -78.7500000015691, 
-79.5913702903001, -79.5999668079376, -80.4583136852604, -81.2982527579674, -81.2725036592068, -82.0947137778826, -82.0619587629107, -82.8670725542025, -82.8279929808233, -81.9993213560894, -81.9693664821293, -82.7532111733837, -83.5718329389877, -84.344525847968, -85.1657295231205, -85.2251498858171, -86.0593325215522, -86.1289786505519, -86.9764463566884, -87.7414105330679, -88.5887517536114, -88.6847257456299, -89.5449554689399, -90.2946090569801, -91.1525377948799, -91.2760956161798, -92.1463908850316, 
-92.8768949083612, -93.7427126595897, -93.8948626527051, -94.772401661159, -95.424068111182, -96.2423508350856, -96.8211769718014, -97.6392495804281, -98.2016401771437, -99.0191329990226, -99.5652400319464, -100.381807069866, -100.911822457502, -101.727141242212, -102.241292754622, -103.05506399754, -103.368868294854, -104.195049224983, -104.693011456541, -104.365558330953, -104.848788957254, -104.520801958804, -104.989966854725, -105.786350976121, -106.241198699099, -105.900702923712, -106.342765813296, 
-106.002340124194, -105.231275894558, -104.788395404779, -104.015726590557, -103.698126967265, -104.141460616487, -103.823129003448, -103.07290747432, -102.629460661805, -101.878236286099, -101.581933149228, -102.025176520716, -101.727424788185, -102.158319073537, -101.859225483277, -101.140183480099, -100.850497037311, -100.141287219542, -99.8606472597525, -99.1611522476321, -98.8891998336459, -99.3061319481695, -99.0320886625026, -98.3514410251332, -98.0854761563732, -97.4139684605885, -97.1557426622185, 
-97.5589977470752, -98.2218640053243, -98.6156634495125, -98.3454294067102, -97.6908902601329, -97.4279444593901, -96.7818431880092, -96.3907074532998, -95.7450950498626, -95.3449493062902, -94.6999066417991, -94.2905934459384, -93.6462066395043, -93.2275749345006, -92.5839353632485, -92.1558412995654, -91.5130455790281, -91.3062297441679, -90.6721781140006, -90.2372135281308, -90.4335033124365, -89.9860861789136, -89.3452886707117, -89.1597489653885, -88.5278536167263, -88.3479426843928, -87.7247256595663, 
-87.274039897457, -86.6521235761702, -86.4881078085388, -85.8747058491447, -85.4182698147803, -84.8063288701307, -84.5418580761702, -83.8186029324914, -83.4719760785846, -82.7458407740195, -82.3946120093938, -81.6657363693455, -81.3098079664774, -81.5550182239269, 31.2406286491806, 31.7226226744952, 32.3586063701828, 32.8375827542774, 32.6787937262658, 33.0546059421654, 33.5930179608384, 33.866070207807, 33.5930179608752, 33.8526438157174, 34.3929385698314, 34.6466120156624, 35.188754433168, 35.4363055355411, 
35.980255424854, 36.2215092256955, 36.7672208897841, 37.0019971898054, 37.5494190102548, 37.8627484604203, 38.4125931202183, 38.648404876605, 39.1999983477577, 39.4289302209876, 39.9822101189699, 40.2040536927455, 40.7589498263687, 40.9734900992886, 40.6254727668279, 40.8249600051593, 40.3992312945443, 40.5234753534518, 41.1405020953655, 41.5717242099898, 42.127930381069, 42.4940838401527, 43.0533199519129, 43.2445909809122, 43.8050714654047, 44.1761660477896, 44.7398022961109, 45.1063130791811, 
44.8994615456855, 45.2512850479003, 45.0280205208315, 45.3646961763065, 45.1249304329362, 45.4460586641149, 46.0166260583792, 46.3315446543341, 46.0661294973836, 46.3647619746058, 46.0826548975723, 46.3647619745613, 46.9384835158729, 47.2132937777885, 46.904889593307, 46.3315446542013, 46.0166260582046, 45.4460586639411, 45.1249304327193, 44.557168469031, 44.3097482255163, 43.7439737497146, 43.4263693823613, 43.6651849328178, 43.3325023674901, 43.5553580894956, 44.1191307044255, 44.3341167962537, 
44.899461545297, 45.106313078752, 44.7398022956405, 44.9303955176915, 45.4952629264418, 45.6772635519238, 45.2868652622919, 45.4526738234703, 46.0161207920242, 46.1729187059442, 45.759315796541, 45.9001189259865, 46.4611545838289, 46.5925721641416, 46.119894233944, 46.2023495569697, 45.6851149703255, 45.7591676337098, 45.2347370750978, 45.3004642140923, 44.7692812232348, 44.8267680337809, 44.2892702101082, 44.338609411993, 43.7952273848768, 43.8365186960062, 44.4217877050357, 44.4554893635756, 43.9035066002166, 
43.3210248322782, 42.767133923853, 42.1830149423489, 41.6275353573124, 41.6531748491286, 41.0934289708886, 40.5110842940932, 39.9504212034844, 39.3668350584407, 39.3405253268146, 39.8982487006584, 39.8649399995021, 39.2736819902136, 38.7188656843593, 38.126548328093, 38.0859801995178, 38.6379197255207, 38.5906650352976, 37.9914861940389, 37.4423962509371, 36.8423602321947, 36.2925484837408, 35.6918759193035, 35.6381254864188, 35.0340883505216, 34.9742610897689, 34.3671086094019, 34.3014510568356, 
33.6914296791277, 33.1497790587289, 32.539783650225, 32.4687598436372, 31.8562988053213, 31.780016567, 31.1653389448876, 30.6296106311969, 30.7056142333947, 30.1673298931495, 29.5561013870192, 29.4803431595597, 28.8672697310393, 28.7866884436478, 29.318838249497, 29.2331717264192, 29.762844213488, 29.6720620993223, 30.1990555399822, 30.1031312222728, 30.6272375379192, 30.5261483450406, 31.0471531059249, 30.9408805083126, 30.3145735396304, 30.2041706205045, 30.71903371372, 31.3470927688836, 31.8612258555642, 
31.7445484499047, 31.1149546433865, 30.9943726251136, 30.3636387706568, 30.2393056705831, 30.7443946789485, 30.6150824131534, 29.9820803601036, 29.8492678002414, 30.3480175836709, 30.2103463895729, 29.6143132997522, 29.5127287045511, 29.9661056677285, 29.8600449954681, 30.3091435199269, 30.1985335058558, 30.6432475354482, 31.2406286491806), c(-102.438714861229, -101.940014615169, -101.138574686101, -100.849318340096, -101.347772098261, -102.135887392066, -102.438714861229, 42.6598427092633, 43.2056243824458, 
43.1570549579885, 42.5633430487257, 42.0205474305174, 42.068540392498, 42.6598427092633)), list(c(-101.794127692507, -101.246826425719, -101.542536134973, -102.401275483319, -102.711014600253, -103.583754062223, -104.130344611296, -103.805023964833, -102.948480478678, -102.637241364719, -101.794127692507, 46.0527167806532, 46.5902247438286, 47.1738180003191, 47.2177510202849, 47.7969717729062, 47.8329701534604, 47.2886819123107, 46.7119202621408, 46.6769101958444, 46.0955469096127, 46.0527167806532
)))
"Sialia_sialis"	0.0198224857999282	0.0193210739242654	0.00927602517852201	0.00111819645732689	0.078125	0.0136621603146899	0.0260840422210962	list(list(c(-101.794127692507, -101.246826425719, -101.542536134973, -102.401275483319, -102.711014600253, -103.583754062223, -104.130344611296, -103.805023964833, -102.948480478678, -102.637241364719, -101.794127692507, 46.0527167806532, 46.5902247438286, 47.1738180003191, 47.2177510202849, 47.7969717729062, 47.8329701534604, 47.2886819123107, 46.7119202621408, 46.6769101958444, 46.0955469096127, 46.0527167806532)), list(c(-81.9693664821293, -82.7532111733837, -83.5718329389877, -84.344525847968, 
-85.1657295231205, -85.2251498858171, -86.0593325215522, -86.1289786505519, -86.9764463566884, -87.7414105330679, -88.5887517536114, -88.6847257456299, -89.5449554689399, -90.2946090569801, -91.1525377948799, -91.2760956161798, -92.1463908850316, -92.8768949083612, -93.7427126595897, -93.8948626527051, -94.772401661159, -95.424068111182, -96.2423508350856, -96.8211769718014, -97.6392495804281, -98.2016401771437, -97.9443968154577, -98.4892912775729, -99.2928006246408, -99.5652400319464, -100.381807069866, 
-100.911822457502, -101.727141242212, -102.241292754622, -103.05506399754, -103.368868294854, -104.195049224983, -104.693011456541, -104.365558330953, -104.848788957254, -104.520801958804, -104.989966854725, -105.786350976121, -106.241198699099, -105.900702923712, -106.342765813296, -106.002340124194, -105.231275894558, -104.788395404779, -104.015726590557, -103.698126967265, -104.141460616487, -103.823129003448, -103.07290747432, -102.629460661805, -101.878236286099, -101.581933149228, -102.025176520716, 
-101.727424788185, -102.158319073537, -101.859225483277, -101.140183480099, -100.850497037311, -100.141287219542, -99.8606472597525, -99.1611522476321, -98.8891998336459, -99.3061319481695, -99.0320886625026, -98.3514410251332, -98.0854761563732, -97.4139684605885, -97.1557426622185, -97.5589977470752, -98.2218640053243, -98.6156634495125, -98.3454294067102, -97.6908902601329, -97.4279444593901, -96.7818431880092, -96.3907074532998, -95.7450950498626, -95.3449493062902, -94.6999066417991, -94.2905934459384, 
-93.6462066395043, -93.2275749345006, -92.5839353632485, -92.1558412995654, -91.5130455790281, -91.3062297441679, -90.6721781140006, -90.2372135281308, -90.4335033124365, -89.9860861789136, -89.3452886707117, -89.1597489653885, -88.5278536167263, -88.3479426843928, -87.7247256595663, -87.274039897457, -86.6521235761702, -86.4881078085388, -85.8747058491447, -85.4182698147803, -84.8063288701307, -84.5418580761702, -83.8186029324914, -83.4719760785846, -82.7458407740195, -82.3946120093938, -81.6657363693455, 
-81.3098079664774, -81.5550182239269, -81.0610244014459, -81.1692357771391, -80.6608048499385, -80.0490314016697, -79.4450832216347, -79.4493959018177, -78.750000001033, -78.0506041002241, -77.3470826691427, -77.3380794352274, -76.6259326298963, -76.6118454494323, -75.8908804262092, -75.8712991555678, -75.1413179537185, -75.1158144239239, -74.3766146139905, -74.3447413157075, -75.0626198626035, -75.0348880403491, -74.278267518654, -74.2436137588233, -73.4766731332974, -73.434584582078, -72.6570890148896, 
-72.6070263455238, -71.8187390345084, -71.0907013684678, -70.3022743216699, -69.6615826323144, -68.9472075955157, -68.7889018971581, -69.4321624915719, -69.3514160900383, -70.082492851739, -70.0049820678548, -69.1828999446972, -69.0949594942791, -69.8431167143706, -69.7585894699123, -70.523553646314, -71.3710213524858, -72.1506441644126, -72.9967311847487, -73.7897686151516, -74.6329274488688, -75.438041240172, -75.4052862252308, -76.2274963439906, -77.0760576043087, -77.9086297129234, -78.7500000015691, 
-79.5913702903001, -79.5999668079376, -80.4583136852604, -81.2982527579674, -81.2725036592068, -82.0947137778826, -82.0619587629107, -82.8670725542025, -82.8279929808233, -81.9993213560894, -81.9693664821293, 43.7439737497146, 43.4263693823613, 43.6651849328178, 43.3325023674901, 43.5553580894956, 44.1191307044255, 44.3341167962537, 44.899461545297, 45.106313078752, 44.7398022956405, 44.9303955176915, 45.4952629264418, 45.6772635519238, 45.2868652622919, 45.4526738234703, 46.0161207920242, 46.1729187059442, 
45.759315796541, 45.9001189259865, 46.4611545838289, 46.5925721641416, 46.119894233944, 46.2023495569697, 45.6851149703255, 45.7591676337098, 45.2347370750978, 44.6392866004322, 44.1110996530225, 44.1754435450924, 44.7692812232348, 44.8267680337809, 44.2892702101082, 44.338609411993, 43.7952273848768, 43.8365186960062, 44.4217877050357, 44.4554893635756, 43.9035066002166, 43.3210248322782, 42.767133923853, 42.1830149423489, 41.6275353573124, 41.6531748491286, 41.0934289708886, 40.5110842940932, 39.9504212034844, 
39.3668350584407, 39.3405253268146, 39.8982487006584, 39.8649399995021, 39.2736819902136, 38.7188656843593, 38.126548328093, 38.0859801995178, 38.6379197255207, 38.5906650352976, 37.9914861940389, 37.4423962509371, 36.8423602321947, 36.2925484837408, 35.6918759193035, 35.6381254864188, 35.0340883505216, 34.9742610897689, 34.3671086094019, 34.3014510568356, 33.6914296791277, 33.1497790587289, 32.539783650225, 32.4687598436372, 31.8562988053213, 31.780016567, 31.1653389448876, 30.6296106311969, 30.7056142333947, 
30.1673298931495, 29.5561013870192, 29.4803431595597, 28.8672697310393, 28.7866884436478, 29.318838249497, 29.2331717264192, 29.762844213488, 29.6720620993223, 30.1990555399822, 30.1031312222728, 30.6272375379192, 30.5261483450406, 31.0471531059249, 30.9408805083126, 30.3145735396304, 30.2041706205045, 30.71903371372, 31.3470927688836, 31.8612258555642, 31.7445484499047, 31.1149546433865, 30.9943726251136, 30.3636387706568, 30.2393056705831, 30.7443946789485, 30.6150824131534, 29.9820803601036, 29.8492678002414, 
30.3480175836709, 30.2103463895729, 29.6143132997522, 29.5127287045511, 29.9661056677285, 29.8600449954681, 30.3091435199269, 30.1985335058558, 30.6432475354482, 31.2406286491806, 31.7226226744952, 32.3586063701828, 32.8375827542774, 32.6787937262658, 33.0546059421654, 33.5930179608384, 33.866070207807, 33.5930179608752, 33.8526438157174, 34.3929385698314, 34.6466120156624, 35.188754433168, 35.4363055355411, 35.980255424854, 36.2215092256955, 36.7672208897841, 37.0019971898054, 37.5494190102548, 
37.8627484604203, 38.4125931202183, 38.648404876605, 39.1999983477577, 39.4289302209876, 39.9822101189699, 40.2040536927455, 40.7589498263687, 40.9734900992886, 40.6254727668279, 40.8249600051593, 40.3992312945443, 40.5234753534518, 41.1405020953655, 41.5717242099898, 42.127930381069, 42.4940838401527, 43.0533199519129, 43.2445909809122, 43.8050714654047, 44.1761660477896, 44.7398022961109, 45.1063130791811, 44.8994615456855, 45.2512850479003, 45.0280205208315, 45.3646961763065, 45.1249304329362, 
45.4460586641149, 46.0166260583792, 46.3315446543341, 46.0661294973836, 46.3647619746058, 46.0826548975723, 46.3647619745613, 46.9384835158729, 47.2132937777885, 46.904889593307, 46.3315446542013, 46.0166260582046, 45.4460586639411, 45.1249304327193, 44.557168469031, 44.3097482255163, 43.7439737497146), c(-102.438714861229, -101.940014615169, -101.138574686101, -100.849318340096, -101.347772098261, -102.135887392066, -102.438714861229, 42.6598427092633, 43.2056243824458, 43.1570549579885, 42.5633430487257, 
42.0205474305174, 42.068540392498, 42.6598427092633)))
"Sitta_carolinensis"	0.0255066796332245	0.0233159151269898	0.0137694050448283	0.00108847768620743	0.0700189240335226	0.0153773424624495	0.0342592553894569	list(list(c(-101.794127692507, -101.246826425719, -101.542536134973, -102.401275483319, -102.711014600253, -103.583754062223, -104.130344611296, -103.805023964833, -102.948480478678, -102.637241364719, -101.794127692507, 46.0527167806532, 46.5902247438286, 47.1738180003191, 47.2177510202849, 47.7969717729062, 47.8329701534604, 47.2886819123107, 46.7119202621408, 46.6769101958444, 46.0955469096127, 46.0527167806532)), list(c(-81.9693664821293, -82.7532111733837, -83.5718329389877, -84.344525847968, 
-85.1657295231205, -85.2251498858171, -86.0593325215522, -86.1289786505519, -86.9764463566884, -87.7414105330679, -88.5887517536114, -88.6847257456299, -89.5449554689399, -90.2946090569801, -91.1525377948799, -91.2760956161798, -92.1463908850316, -92.8768949083612, -93.7427126595897, -93.8948626527051, -94.772401661159, -95.424068111182, -96.2423508350856, -96.8211769718014, -97.6392495804281, -98.2016401771437, -99.0191329990226, -99.5652400319464, -100.381807069866, -100.911822457502, -101.727141242212, 
-102.241292754622, -103.05506399754, -103.368868294854, -104.195049224983, -104.693011456541, -104.365558330953, -104.848788957254, -104.520801958804, -104.989966854725, -105.786350976121, -106.241198699099, -105.900702923712, -106.342765813296, -106.002340124194, -105.231275894558, -104.788395404779, -104.015726590557, -103.698126967265, -104.141460616487, -103.823129003448, -103.07290747432, -102.629460661805, -101.878236286099, -101.581933149228, -102.025176520716, -101.727424788185, -102.158319073537, 
-101.859225483277, -101.140183480099, -100.850497037311, -100.141287219542, -99.8606472597525, -99.1611522476321, -98.8891998336459, -99.3061319481695, -99.0320886625026, -98.3514410251332, -98.0854761563732, -97.4139684605885, -97.1557426622185, -97.5589977470752, -98.2218640053243, -98.6156634495125, -98.3454294067102, -97.6908902601329, -97.2983400283283, -96.6441803175122, -96.3907074532998, -95.7450950498626, -95.3449493062902, -94.6999066417991, -94.2905934459384, -93.6462066395043, -93.2275749345006, 
-92.5839353632485, -92.1558412995654, -91.5130455790281, -91.3062297441679, -90.6721781140006, -90.2372135281308, -90.4335033124365, -89.9860861789136, -89.3452886707117, -89.1597489653885, -88.5278536167263, -88.3479426843928, -87.7247256595663, -87.274039897457, -86.6521235761702, -86.4881078085388, -85.8747058491447, -85.4182698147803, -84.8063288701307, -84.5418580761702, -83.8186029324914, -83.4719760785846, -82.7458407740195, -82.3946120093938, -81.6657363693455, -81.3098079664774, -81.5550182239269, 
-81.0610244014459, -81.1692357771391, -80.6608048499385, -80.0490314016697, -79.4450832216347, -79.4493959018177, -78.750000001033, -78.0506041002241, -77.3470826691427, -77.3380794352274, -76.6259326298963, -76.6118454494323, -75.8908804262092, -75.8712991555678, -75.1413179537185, -75.1158144239239, -74.3766146139905, -74.3447413157075, -75.0626198626035, -75.0348880403491, -74.278267518654, -74.2436137588233, -73.4766731332974, -73.434584582078, -72.6570890148896, -72.6070263455238, -71.8187390345084, 
-71.0907013684678, -70.3022743216699, -69.6615826323144, -68.9472075955157, -68.7889018971581, -69.4321624915719, -69.3514160900383, -70.082492851739, -70.0049820678548, -69.1828999446972, -69.0949594942791, -69.8431167143706, -69.7585894699123, -70.523553646314, -71.3710213524858, -72.1506441644126, -72.9967311847487, -73.7897686151516, -74.6329274488688, -75.438041240172, -75.4052862252308, -76.2274963439906, -77.0760576043087, -77.9086297129234, -78.7500000015691, -79.5913702903001, -79.5999668079376, 
-80.4583136852604, -81.2982527579674, -81.2725036592068, -82.0947137778826, -82.0619587629107, -82.8670725542025, -82.8279929808233, -81.9993213560894, -81.9693664821293, 43.7439737497146, 43.4263693823613, 43.6651849328178, 43.3325023674901, 43.5553580894956, 44.1191307044255, 44.3341167962537, 44.899461545297, 45.106313078752, 44.7398022956405, 44.9303955176915, 45.4952629264418, 45.6772635519238, 45.2868652622919, 45.4526738234703, 46.0161207920242, 46.1729187059442, 45.759315796541, 45.9001189259865, 
46.4611545838289, 46.5925721641416, 46.119894233944, 46.2023495569697, 45.6851149703255, 45.7591676337098, 45.2347370750978, 45.3004642140923, 44.7692812232348, 44.8267680337809, 44.2892702101082, 44.338609411993, 43.7952273848768, 43.8365186960062, 44.4217877050357, 44.4554893635756, 43.9035066002166, 43.3210248322782, 42.767133923853, 42.1830149423489, 41.6275353573124, 41.6531748491286, 41.0934289708886, 40.5110842940932, 39.9504212034844, 39.3668350584407, 39.3405253268146, 39.8982487006584, 
39.8649399995021, 39.2736819902136, 38.7188656843593, 38.126548328093, 38.0859801995178, 38.6379197255207, 38.5906650352976, 37.9914861940389, 37.4423962509371, 36.8423602321947, 36.2925484837408, 35.6918759193035, 35.6381254864188, 35.0340883505216, 34.9742610897689, 34.3671086094019, 34.3014510568356, 33.6914296791277, 33.1497790587289, 32.539783650225, 32.4687598436372, 31.8562988053213, 31.780016567, 31.1653389448876, 30.6296106311969, 30.7056142333947, 30.1673298931495, 29.5561013870192, 29.4803431595597, 
30.0155847312471, 29.9346463570248, 29.318838249497, 29.2331717264192, 29.762844213488, 29.6720620993223, 30.1990555399822, 30.1031312222728, 30.6272375379192, 30.5261483450406, 31.0471531059249, 30.9408805083126, 30.3145735396304, 30.2041706205045, 30.71903371372, 31.3470927688836, 31.8612258555642, 31.7445484499047, 31.1149546433865, 30.9943726251136, 30.3636387706568, 30.2393056705831, 30.7443946789485, 30.6150824131534, 29.9820803601036, 29.8492678002414, 30.3480175836709, 30.2103463895729, 29.6143132997522, 
29.5127287045511, 29.9661056677285, 29.8600449954681, 30.3091435199269, 30.1985335058558, 30.6432475354482, 31.2406286491806, 31.7226226744952, 32.3586063701828, 32.8375827542774, 32.6787937262658, 33.0546059421654, 33.5930179608384, 33.866070207807, 33.5930179608752, 33.8526438157174, 34.3929385698314, 34.6466120156624, 35.188754433168, 35.4363055355411, 35.980255424854, 36.2215092256955, 36.7672208897841, 37.0019971898054, 37.5494190102548, 37.8627484604203, 38.4125931202183, 38.648404876605, 39.1999983477577, 
39.4289302209876, 39.9822101189699, 40.2040536927455, 40.7589498263687, 40.9734900992886, 40.6254727668279, 40.8249600051593, 40.3992312945443, 40.5234753534518, 41.1405020953655, 41.5717242099898, 42.127930381069, 42.4940838401527, 43.0533199519129, 43.2445909809122, 43.8050714654047, 44.1761660477896, 44.7398022961109, 45.1063130791811, 44.8994615456855, 45.2512850479003, 45.0280205208315, 45.3646961763065, 45.1249304329362, 45.4460586641149, 46.0166260583792, 46.3315446543341, 46.0661294973836, 
46.3647619746058, 46.0826548975723, 46.3647619745613, 46.9384835158729, 47.2132937777885, 46.904889593307, 46.3315446542013, 46.0166260582046, 45.4460586639411, 45.1249304327193, 44.557168469031, 44.3097482255163, 43.7439737497146), c(-100.849318340096, -101.347772098261, -102.135887392066, -102.438714861229, -101.940014615169, -101.138574686101, -100.849318340096, 42.5633430487257, 42.0205474305174, 42.068540392498, 42.6598427092633, 43.2056243824458, 43.1570549579885, 42.5633430487257)))
"Sturnella_magna"	0.0119854336207573	0.00908337191413641	0.0201845974364939	0.000663581834872643	0.333333333333333	0.00479490795323839	0.0148907932945327	list(c(-77.3380794352274, -76.6259326298963, -76.6118454494323, -75.8908804262092, -75.8712991555678, -75.1413179537185, -75.1158144239239, -74.3766146139905, -74.3447413157075, -75.0626198626035, -75.0348880403491, -74.278267518654, -74.2436137588233, -73.4766731332974, -73.434584582078, -72.6570890148896, -72.6070263455238, -71.8187390345084, -71.0907013684678, -70.3022743216699, -69.6615826323144, -68.9472075955157, -68.7889018971581, -69.4321624915719, -69.3514160900383, -70.082492851739, -70.0049820678548, 
-69.1828999446972, -69.0949594942791, -69.8431167143706, -69.7585894699123, -70.523553646314, -71.3710213524858, -72.1506441644126, -72.9967311847487, -73.7897686151516, -74.6329274488688, -75.438041240172, -75.4052862252308, -76.2274963439906, -77.0760576043087, -77.9086297129234, -78.7500000015691, -79.5913702903001, -79.5999668079376, -80.4583136852604, -81.2982527579674, -81.2725036592068, -82.0947137778826, -82.0619587629107, -82.8670725542025, -82.8279929808233, -81.9993213560894, -81.9693664821293, 
-82.7532111733837, -83.5718329389877, -84.344525847968, -85.1657295231205, -85.2251498858171, -86.0593325215522, -86.1289786505519, -86.9764463566884, -87.7414105330679, -88.5887517536114, -88.6847257456299, -89.5449554689399, -90.2946090569801, -91.1525377948799, -91.2760956161798, -92.1463908850316, -92.8768949083612, -93.7427126595897, -93.8948626527051, -94.772401661159, -95.424068111182, -96.2423508350856, -96.8211769718014, -96.5796288207019, -97.1403049265565, -96.8947183275794, -97.4380378102346, 
-97.1886859901153, -97.7154017013474, -98.4930662338562, -98.7568374411196, -99.5468968078089, -99.8220826933964, -100.624701035933, -101.138574686101, -100.849318340096, -101.347772098261, -102.135887392066, -102.438714861229, -103.238709632888, -103.722498952524, -103.406605905178, -102.619828559981, -102.315580156142, -102.785415950352, -102.479863092019, -101.716832352231, -101.247208367819, -100.483251282914, -100.20095155661, -100.670034219395, -101.422092731193, -101.878236286099, -101.581933149228, 
-102.025176520716, -101.727424788185, -102.158319073537, -101.859225483277, -101.140183480099, -100.850497037311, -100.141287219542, -99.8606472597525, -99.1611522476321, -98.8891998336459, -99.3061319481695, -99.0320886625026, -98.3514410251332, -98.0854761563732, -97.4139684605885, -97.1557426622185, -97.5589977470752, -98.2218640053243, -98.6156634495125, -98.3454294067102, -97.6908902601329, -97.4279444593901, -96.7818431880092, -96.3907074532998, -95.7450950498626, -95.3449493062902, -94.6999066417991, 
-94.2905934459384, -93.6462066395043, -93.2275749345006, -92.5839353632485, -92.1558412995654, -91.5130455790281, -91.3062297441679, -90.6721781140006, -90.2372135281308, -90.4335033124365, -89.9860861789136, -89.3452886707117, -89.1597489653885, -88.5278536167263, -88.3479426843928, -87.7247256595663, -87.274039897457, -86.6521235761702, -86.4881078085388, -85.8747058491447, -85.4182698147803, -84.8063288701307, -84.5418580761702, -83.8186029324914, -83.4719760785846, -82.7458407740195, -82.3946120093938, 
-81.6657363693455, -81.3098079664774, -81.5550182239269, -81.0610244014459, -81.1692357771391, -80.6608048499385, -80.0490314016697, -79.4450832216347, -79.4493959018177, -78.750000001033, -78.0506041002241, -77.3470826691427, -77.3380794352274, 34.3929385698314, 34.6466120156624, 35.188754433168, 35.4363055355411, 35.980255424854, 36.2215092256955, 36.7672208897841, 37.0019971898054, 37.5494190102548, 37.8627484604203, 38.4125931202183, 38.648404876605, 39.1999983477577, 39.4289302209876, 39.9822101189699, 
40.2040536927455, 40.7589498263687, 40.9734900992886, 40.6254727668279, 40.8249600051593, 40.3992312945443, 40.5234753534518, 41.1405020953655, 41.5717242099898, 42.127930381069, 42.4940838401527, 43.0533199519129, 43.2445909809122, 43.8050714654047, 44.1761660477896, 44.7398022961109, 45.1063130791811, 44.8994615456855, 45.2512850479003, 45.0280205208315, 45.3646961763065, 45.1249304329362, 45.4460586641149, 46.0166260583792, 46.3315446543341, 46.0661294973836, 46.3647619746058, 46.0826548975723, 
46.3647619745613, 46.9384835158729, 47.2132937777885, 46.904889593307, 46.3315446542013, 46.0166260582046, 45.4460586639411, 45.1249304327193, 44.557168469031, 44.3097482255163, 43.7439737497146, 43.4263693823613, 43.6651849328178, 43.3325023674901, 43.5553580894956, 44.1191307044255, 44.3341167962537, 44.899461545297, 45.106313078752, 44.7398022956405, 44.9303955176915, 45.4952629264418, 45.6772635519238, 45.2868652622919, 45.4526738234703, 46.0161207920242, 46.1729187059442, 45.759315796541, 45.9001189259865, 
46.4611545838289, 46.5925721641416, 46.119894233944, 46.2023495569697, 45.6851149703255, 45.0884064890342, 44.5669280332275, 43.9679154733364, 43.4426177091952, 42.8414881958391, 42.3127906252479, 42.3824536301608, 42.9819819825041, 43.04516507174, 43.640974487239, 43.6973864092764, 43.1570549579885, 42.5633430487257, 42.0205474305174, 42.068540392498, 42.6598427092633, 42.700665406644, 42.1498373579291, 41.5612424482354, 41.5207098000828, 40.9278781956852, 40.3783430611064, 39.7841622902838, 39.7368097710296, 
40.2834505068579, 40.2290837896039, 39.6284741570507, 39.0846799629084, 39.1387009008972, 38.5906650352976, 37.9914861940389, 37.4423962509371, 36.8423602321947, 36.2925484837408, 35.6918759193035, 35.6381254864188, 35.0340883505216, 34.9742610897689, 34.3671086094019, 34.3014510568356, 33.6914296791277, 33.1497790587289, 32.539783650225, 32.4687598436372, 31.8562988053213, 31.780016567, 31.1653389448876, 30.6296106311969, 30.7056142333947, 30.1673298931495, 29.5561013870192, 29.4803431595597, 28.8672697310393, 
28.7866884436478, 29.318838249497, 29.2331717264192, 29.762844213488, 29.6720620993223, 30.1990555399822, 30.1031312222728, 30.6272375379192, 30.5261483450406, 31.0471531059249, 30.9408805083126, 30.3145735396304, 30.2041706205045, 30.71903371372, 31.3470927688836, 31.8612258555642, 31.7445484499047, 31.1149546433865, 30.9943726251136, 30.3636387706568, 30.2393056705831, 30.7443946789485, 30.6150824131534, 29.9820803601036, 29.8492678002414, 30.3480175836709, 30.2103463895729, 29.6143132997522, 29.5127287045511, 
29.9661056677285, 29.8600449954681, 30.3091435199269, 30.1985335058558, 30.6432475354482, 31.2406286491806, 31.7226226744952, 32.3586063701828, 32.8375827542774, 32.6787937262658, 33.0546059421654, 33.5930179608384, 33.866070207807, 33.5930179608752, 33.8526438157174, 34.3929385698314))
"Sturnus_vulgaris"	0.0255502422628119	0.0245313307415882	0.0113959246111686	0.00287080714286881	0.0783874580067189	0.0174481605890475	0.0308169644974871	list(list(c(-81.5550182239269, -81.0610244014459, -81.1692357771391, -80.6608048499385, -80.0490314016697, -79.4450832216347, -79.4493959018177, -78.750000001033, -78.0506041002241, -77.3470826691427, -77.3380794352274, -76.6259326298963, -76.6118454494323, -75.8908804262092, -75.8712991555678, -75.1413179537185, -75.1158144239239, -74.3766146139905, -74.3447413157075, -75.0626198626035, -75.0348880403491, -74.278267518654, -74.2436137588233, -73.4766731332974, -73.434584582078, -72.6570890148896, 
-72.6070263455238, -71.8187390345084, -71.0907013684678, -70.3022743216699, -69.6615826323144, -68.9472075955157, -68.7889018971581, -69.4321624915719, -69.3514160900383, -70.082492851739, -70.0049820678548, -69.1828999446972, -69.0949594942791, -69.8431167143706, -69.7585894699123, -70.523553646314, -71.3710213524858, -72.1506441644126, -72.9967311847487, -73.7897686151516, -74.6329274488688, -75.438041240172, -75.4052862252308, -76.2274963439906, -77.0760576043087, -77.9086297129234, -78.7500000015691, 
-79.5913702903001, -79.5999668079376, -80.4583136852604, -81.2982527579674, -81.2725036592068, -82.0947137778826, -82.0619587629107, -82.8670725542025, -82.8279929808233, -81.9993213560894, -81.9693664821293, -82.7532111733837, -83.5718329389877, -84.344525847968, -85.1657295231205, -85.2251498858171, -86.0593325215522, -86.1289786505519, -86.9764463566884, -87.7414105330679, -88.5887517536114, -88.6847257456299, -89.5449554689399, -90.2946090569801, -91.1525377948799, -91.2760956161798, -92.1463908850316, 
-92.8768949083612, -93.7427126595897, -93.8948626527051, -94.772401661159, -95.424068111182, -96.2423508350856, -96.8211769718014, -97.6392495804281, -98.2016401771437, -99.0191329990226, -99.5652400319464, -100.381807069866, -100.911822457502, -101.727141242212, -102.241292754622, -103.05506399754, -103.368868294854, -104.195049224983, -104.693011456541, -104.365558330953, -104.848788957254, -104.520801958804, -104.989966854725, -105.786350976121, -106.241198699099, -105.900702923712, -106.342765813296, 
-106.002340124194, -105.231275894558, -104.788395404779, -104.015726590557, -103.698126967265, -104.141460616487, -103.823129003448, -103.07290747432, -102.629460661805, -101.878236286099, -101.581933149228, -102.025176520716, -101.727424788185, -102.158319073537, -101.859225483277, -101.140183480099, -100.850497037311, -100.141287219542, -99.8606472597525, -99.1611522476321, -98.8891998336459, -99.3061319481695, -99.0320886625026, -98.3514410251332, -98.0854761563732, -97.4139684605885, -97.1557426622185, 
-97.5589977470752, -98.2218640053243, -98.6156634495125, -98.3454294067102, -97.6908902601329, -97.4279444593901, -96.7818431880092, -96.3907074532998, -95.7450950498626, -95.3449493062902, -94.6999066417991, -94.2905934459384, -93.6462066395043, -93.2275749345006, -92.5839353632485, -92.1558412995654, -91.5130455790281, -91.3062297441679, -90.6721781140006, -90.2372135281308, -90.4335033124365, -89.9860861789136, -89.3452886707117, -89.1597489653885, -88.5278536167263, -88.3479426843928, -87.7247256595663, 
-87.274039897457, -86.6521235761702, -86.4881078085388, -85.8747058491447, -85.4182698147803, -84.8063288701307, -84.5418580761702, -83.8186029324914, -83.4719760785846, -82.7458407740195, -82.3946120093938, -81.6657363693455, -81.3098079664774, -81.5550182239269, 31.2406286491806, 31.7226226744952, 32.3586063701828, 32.8375827542774, 32.6787937262658, 33.0546059421654, 33.5930179608384, 33.866070207807, 33.5930179608752, 33.8526438157174, 34.3929385698314, 34.6466120156624, 35.188754433168, 35.4363055355411, 
35.980255424854, 36.2215092256955, 36.7672208897841, 37.0019971898054, 37.5494190102548, 37.8627484604203, 38.4125931202183, 38.648404876605, 39.1999983477577, 39.4289302209876, 39.9822101189699, 40.2040536927455, 40.7589498263687, 40.9734900992886, 40.6254727668279, 40.8249600051593, 40.3992312945443, 40.5234753534518, 41.1405020953655, 41.5717242099898, 42.127930381069, 42.4940838401527, 43.0533199519129, 43.2445909809122, 43.8050714654047, 44.1761660477896, 44.7398022961109, 45.1063130791811, 
44.8994615456855, 45.2512850479003, 45.0280205208315, 45.3646961763065, 45.1249304329362, 45.4460586641149, 46.0166260583792, 46.3315446543341, 46.0661294973836, 46.3647619746058, 46.0826548975723, 46.3647619745613, 46.9384835158729, 47.2132937777885, 46.904889593307, 46.3315446542013, 46.0166260582046, 45.4460586639411, 45.1249304327193, 44.557168469031, 44.3097482255163, 43.7439737497146, 43.4263693823613, 43.6651849328178, 43.3325023674901, 43.5553580894956, 44.1191307044255, 44.3341167962537, 
44.899461545297, 45.106313078752, 44.7398022956405, 44.9303955176915, 45.4952629264418, 45.6772635519238, 45.2868652622919, 45.4526738234703, 46.0161207920242, 46.1729187059442, 45.759315796541, 45.9001189259865, 46.4611545838289, 46.5925721641416, 46.119894233944, 46.2023495569697, 45.6851149703255, 45.7591676337098, 45.2347370750978, 45.3004642140923, 44.7692812232348, 44.8267680337809, 44.2892702101082, 44.338609411993, 43.7952273848768, 43.8365186960062, 44.4217877050357, 44.4554893635756, 43.9035066002166, 
43.3210248322782, 42.767133923853, 42.1830149423489, 41.6275353573124, 41.6531748491286, 41.0934289708886, 40.5110842940932, 39.9504212034844, 39.3668350584407, 39.3405253268146, 39.8982487006584, 39.8649399995021, 39.2736819902136, 38.7188656843593, 38.126548328093, 38.0859801995178, 38.6379197255207, 38.5906650352976, 37.9914861940389, 37.4423962509371, 36.8423602321947, 36.2925484837408, 35.6918759193035, 35.6381254864188, 35.0340883505216, 34.9742610897689, 34.3671086094019, 34.3014510568356, 
33.6914296791277, 33.1497790587289, 32.539783650225, 32.4687598436372, 31.8562988053213, 31.780016567, 31.1653389448876, 30.6296106311969, 30.7056142333947, 30.1673298931495, 29.5561013870192, 29.4803431595597, 28.8672697310393, 28.7866884436478, 29.318838249497, 29.2331717264192, 29.762844213488, 29.6720620993223, 30.1990555399822, 30.1031312222728, 30.6272375379192, 30.5261483450406, 31.0471531059249, 30.9408805083126, 30.3145735396304, 30.2041706205045, 30.71903371372, 31.3470927688836, 31.8612258555642, 
31.7445484499047, 31.1149546433865, 30.9943726251136, 30.3636387706568, 30.2393056705831, 30.7443946789485, 30.6150824131534, 29.9820803601036, 29.8492678002414, 30.3480175836709, 30.2103463895729, 29.6143132997522, 29.5127287045511, 29.9661056677285, 29.8600449954681, 30.3091435199269, 30.1985335058558, 30.6432475354482, 31.2406286491806), c(-102.438714861229, -101.940014615169, -101.138574686101, -100.849318340096, -101.347772098261, -102.135887392066, -102.438714861229, 42.6598427092633, 43.2056243824458, 
43.1570549579885, 42.5633430487257, 42.0205474305174, 42.068540392498, 42.6598427092633)), list(c(-101.794127692507, -101.246826425719, -101.542536134973, -102.401275483319, -102.711014600253, -103.583754062223, -104.130344611296, -103.805023964833, -102.948480478678, -102.637241364719, -101.794127692507, 46.0527167806532, 46.5902247438286, 47.1738180003191, 47.2177510202849, 47.7969717729062, 47.8329701534604, 47.2886819123107, 46.7119202621408, 46.6769101958444, 46.0955469096127, 46.0527167806532
)))
"Turdus_migratorius"	0.0313574850021956	0.0292382835606483	0.0114180983809424	0.0101137994840376	0.0946915351506456	0.0244901682906917	0.0358029124501944	list(list(c(-81.5550182239269, -81.0610244014459, -81.1692357771391, -80.6608048499385, -80.0490314016697, -79.4450832216347, -79.4493959018177, -78.750000001033, -78.0506041002241, -77.3470826691427, -77.3380794352274, -76.6259326298963, -76.6118454494323, -75.8908804262092, -75.8712991555678, -75.1413179537185, -75.1158144239239, -74.3766146139905, -74.3447413157075, -75.0626198626035, -75.0348880403491, -74.278267518654, -74.2436137588233, -73.4766731332974, -73.434584582078, -72.6570890148896, 
-72.6070263455238, -71.8187390345084, -71.0907013684678, -70.3022743216699, -69.6615826323144, -68.9472075955157, -68.7889018971581, -69.4321624915719, -69.3514160900383, -70.082492851739, -70.0049820678548, -69.1828999446972, -69.0949594942791, -69.8431167143706, -69.7585894699123, -70.523553646314, -71.3710213524858, -72.1506441644126, -72.9967311847487, -73.7897686151516, -74.6329274488688, -75.438041240172, -75.4052862252308, -76.2274963439906, -77.0760576043087, -77.9086297129234, -78.7500000015691, 
-79.5913702903001, -79.5999668079376, -80.4583136852604, -81.2982527579674, -81.2725036592068, -82.0947137778826, -82.0619587629107, -82.8670725542025, -82.8279929808233, -81.9993213560894, -81.9693664821293, -82.7532111733837, -83.5718329389877, -84.344525847968, -85.1657295231205, -85.2251498858171, -86.0593325215522, -86.1289786505519, -86.9764463566884, -87.7414105330679, -88.5887517536114, -88.6847257456299, -89.5449554689399, -90.2946090569801, -91.1525377948799, -91.2760956161798, -92.1463908850316, 
-92.8768949083612, -93.7427126595897, -93.8948626527051, -94.772401661159, -95.424068111182, -96.2423508350856, -96.8211769718014, -97.6392495804281, -98.2016401771437, -99.0191329990226, -99.5652400319464, -100.381807069866, -100.911822457502, -101.727141242212, -102.241292754622, -103.05506399754, -103.368868294854, -104.195049224983, -104.693011456541, -104.365558330953, -104.848788957254, -104.520801958804, -104.989966854725, -105.786350976121, -106.241198699099, -105.900702923712, -106.342765813296, 
-106.002340124194, -105.231275894558, -104.788395404779, -104.015726590557, -103.698126967265, -104.141460616487, -103.823129003448, -103.07290747432, -102.629460661805, -101.878236286099, -101.581933149228, -102.025176520716, -101.727424788185, -102.158319073537, -101.859225483277, -101.140183480099, -100.850497037311, -100.141287219542, -99.8606472597525, -99.1611522476321, -98.8891998336459, -99.3061319481695, -99.0320886625026, -98.3514410251332, -98.0854761563732, -97.4139684605885, -97.1557426622185, 
-97.5589977470752, -98.2218640053243, -98.6156634495125, -98.3454294067102, -97.6908902601329, -97.4279444593901, -96.7818431880092, -96.3907074532998, -95.7450950498626, -95.3449493062902, -94.6999066417991, -94.2905934459384, -93.6462066395043, -93.2275749345006, -92.5839353632485, -92.1558412995654, -91.5130455790281, -91.3062297441679, -90.6721781140006, -90.2372135281308, -90.4335033124365, -89.9860861789136, -89.3452886707117, -89.1597489653885, -88.5278536167263, -88.3479426843928, -87.7247256595663, 
-87.274039897457, -86.6521235761702, -86.4881078085388, -85.8747058491447, -85.4182698147803, -84.8063288701307, -84.5418580761702, -83.8186029324914, -83.4719760785846, -82.7458407740195, -82.3946120093938, -81.6657363693455, -81.3098079664774, -81.5550182239269, 31.2406286491806, 31.7226226744952, 32.3586063701828, 32.8375827542774, 32.6787937262658, 33.0546059421654, 33.5930179608384, 33.866070207807, 33.5930179608752, 33.8526438157174, 34.3929385698314, 34.6466120156624, 35.188754433168, 35.4363055355411, 
35.980255424854, 36.2215092256955, 36.7672208897841, 37.0019971898054, 37.5494190102548, 37.8627484604203, 38.4125931202183, 38.648404876605, 39.1999983477577, 39.4289302209876, 39.9822101189699, 40.2040536927455, 40.7589498263687, 40.9734900992886, 40.6254727668279, 40.8249600051593, 40.3992312945443, 40.5234753534518, 41.1405020953655, 41.5717242099898, 42.127930381069, 42.4940838401527, 43.0533199519129, 43.2445909809122, 43.8050714654047, 44.1761660477896, 44.7398022961109, 45.1063130791811, 
44.8994615456855, 45.2512850479003, 45.0280205208315, 45.3646961763065, 45.1249304329362, 45.4460586641149, 46.0166260583792, 46.3315446543341, 46.0661294973836, 46.3647619746058, 46.0826548975723, 46.3647619745613, 46.9384835158729, 47.2132937777885, 46.904889593307, 46.3315446542013, 46.0166260582046, 45.4460586639411, 45.1249304327193, 44.557168469031, 44.3097482255163, 43.7439737497146, 43.4263693823613, 43.6651849328178, 43.3325023674901, 43.5553580894956, 44.1191307044255, 44.3341167962537, 
44.899461545297, 45.106313078752, 44.7398022956405, 44.9303955176915, 45.4952629264418, 45.6772635519238, 45.2868652622919, 45.4526738234703, 46.0161207920242, 46.1729187059442, 45.759315796541, 45.9001189259865, 46.4611545838289, 46.5925721641416, 46.119894233944, 46.2023495569697, 45.6851149703255, 45.7591676337098, 45.2347370750978, 45.3004642140923, 44.7692812232348, 44.8267680337809, 44.2892702101082, 44.338609411993, 43.7952273848768, 43.8365186960062, 44.4217877050357, 44.4554893635756, 43.9035066002166, 
43.3210248322782, 42.767133923853, 42.1830149423489, 41.6275353573124, 41.6531748491286, 41.0934289708886, 40.5110842940932, 39.9504212034844, 39.3668350584407, 39.3405253268146, 39.8982487006584, 39.8649399995021, 39.2736819902136, 38.7188656843593, 38.126548328093, 38.0859801995178, 38.6379197255207, 38.5906650352976, 37.9914861940389, 37.4423962509371, 36.8423602321947, 36.2925484837408, 35.6918759193035, 35.6381254864188, 35.0340883505216, 34.9742610897689, 34.3671086094019, 34.3014510568356, 
33.6914296791277, 33.1497790587289, 32.539783650225, 32.4687598436372, 31.8562988053213, 31.780016567, 31.1653389448876, 30.6296106311969, 30.7056142333947, 30.1673298931495, 29.5561013870192, 29.4803431595597, 28.8672697310393, 28.7866884436478, 29.318838249497, 29.2331717264192, 29.762844213488, 29.6720620993223, 30.1990555399822, 30.1031312222728, 30.6272375379192, 30.5261483450406, 31.0471531059249, 30.9408805083126, 30.3145735396304, 30.2041706205045, 30.71903371372, 31.3470927688836, 31.8612258555642, 
31.7445484499047, 31.1149546433865, 30.9943726251136, 30.3636387706568, 30.2393056705831, 30.7443946789485, 30.6150824131534, 29.9820803601036, 29.8492678002414, 30.3480175836709, 30.2103463895729, 29.6143132997522, 29.5127287045511, 29.9661056677285, 29.8600449954681, 30.3091435199269, 30.1985335058558, 30.6432475354482, 31.2406286491806), c(-102.438714861229, -101.940014615169, -101.138574686101, -100.849318340096, -101.347772098261, -102.135887392066, -102.438714861229, 42.6598427092633, 43.2056243824458, 
43.1570549579885, 42.5633430487257, 42.0205474305174, 42.068540392498, 42.6598427092633)), list(c(-101.794127692507, -101.246826425719, -101.542536134973, -102.401275483319, -102.711014600253, -103.583754062223, -104.130344611296, -103.805023964833, -102.948480478678, -102.637241364719, -101.794127692507, 46.0527167806532, 46.5902247438286, 47.1738180003191, 47.2177510202849, 47.7969717729062, 47.8329701534604, 47.2886819123107, 46.7119202621408, 46.6769101958444, 46.0955469096127, 46.0527167806532
)))
